time,mean,trace_0,trace_1,trace_2,trace_3,trace_4,trace_5,trace_6,trace_7,trace_8,trace_9,trace_10,trace_11,trace_12,trace_13,trace_14,trace_15,trace_16,trace_17,trace_18,trace_19,trace_20,trace_21,trace_22,trace_23,trace_24,trace_25,trace_26,trace_27,trace_28,trace_29,trace_30,trace_31,trace_32,trace_33,trace_34,trace_35,trace_36,trace_37,trace_38,trace_39,trace_40,trace_41,trace_42,trace_43,trace_44,trace_45,trace_46,trace_47,trace_48,trace_49,trace_50,trace_51,trace_52,trace_53,trace_54,trace_55,trace_56,trace_57,trace_58,trace_59,trace_60,trace_61,trace_62,trace_63,trace_64,trace_65,trace_66,trace_67,trace_68,trace_69,trace_70,trace_71,trace_72,trace_73,trace_74,trace_75,trace_76,trace_77,trace_78,trace_79,trace_80,trace_81,trace_82,trace_83,trace_84,trace_85,trace_86,trace_87,trace_88,trace_89,trace_90,trace_91,trace_92,trace_93,trace_94,trace_95,trace_96,trace_97,trace_98,trace_99
0.0000,602.0000,602,602,602,602,602,602,602,602,602,602,602,602,602,602,602,602,602,602,602,602,602,602,602,602,602,602,602,602,602,602,602,602,602,602,602,602,602,602,602,602,602,602,602,602,602,602,602,602,602,602,602,602,602,602,602,602,602,602,602,602,602,602,602,602,602,602,602,602,602,602,602,602,602,602,602,602,602,602,602,602,602,602,602,602,602,602,602,602,602,602,602,602,602,602,602,602,602,602,602,602
1.0000,823.8400,821,856,837,821,824,828,853,843,801,757,834,834,835,846,809,796,823,765,812,844,775,811,797,790,836,823,798,831,797,807,859,867,908,772,803,811,781,806,805,856,833,788,880,805,815,842,793,775,789,907,813,808,783,819,839,798,824,862,855,779,849,834,845,858,780,838,864,803,827,869,744,836,831,851,828,833,840,808,794,854,804,805,874,840,824,851,894,796,849,823,845,826,836,831,794,843,852,819,797,816
2.0000,1263.6000,1224,1314,1214,1289,1256,1238,1285,1253,1149,1195,1289,1273,1321,1213,1181,1210,1281,1224,1235,1265,1174,1202,1348,1191,1282,1257,1230,1276,1216,1193,1265,1316,1354,1285,1234,1214,1279,1263,1209,1325,1290,1248,1421,1256,1224,1347,1201,1262,1275,1366,1223,1168,1246,1262,1297,1165,1247,1308,1301,1198,1286,1280,1237,1281,1249,1280,1279,1279,1270,1355,1156,1312,1267,1225,1266,1315,1302,1263,1208,1347,1276,1242,1286,1236,1302,1345,1251,1304,1309,1328,1318,1307,1197,1298,1283,1304,1281,1237,1203,1269
3.0000,1824.3400,1781,1900,1733,1938,1764,1789,1831,1806,1760,1726,1876,1850,1955,1704,1714,1764,1905,1692,1736,1873,1712,1801,1876,1763,1835,1784,1853,1796,1809,1773,1806,1836,1964,1870,1757,1670,1836,1875,1802,1882,1951,1861,1957,1833,1629,1967,1768,1814,1827,1833,1725,1670,1740,1761,1817,1667,1715,1896,1891,1814,1842,1762,1863,1841,1775,1936,1803,1852,1772,1930,1725,1952,1842,1812,1774,1891,1853,1854,1795,2006,1794,1850,1852,1833,1871,1848,1777,1874,1925,1843,1871,2014,1672,1884,1947,1875,1888,1809,1735,1859
4.0000,2428.7300,2417,2532,2259,2632,2226,2327,2388,2449,2326,2333,2619,2415,2630,2376,2235,2362,2500,2239,2297,2442,2228,2364,2424,2310,2419,2433,2427,2407,2393,2338,2445,2436,2662,2470,2365,2198,2458,2456,2345,2569,2689,2453,2567,2456,2146,2648,2400,2423,2518,2437,2257,2351,2313,2280,2344,2265,2353,2532,2485,2390,2481,2266,2483,2419,2403,2615,2489,2511,2416,2541,2295,2615,2425,2496,2361,2468,2485,2449,2357,2657,2385,2558,2412,2402,2459,2445,2503,2510,2610,2406,2498,2697,2218,2464,2497,2517,2461,2359,2256,2526
5.0000,3037.8500,3009,3112,2810,3423,2758,2871,3054,3114,2863,2978,3326,3021,3286,3019,2834,3021,3061,2879,2835,3040,2889,2942,2973,2887,2949,3105,2920,2989,2963,2966,3037,2974,3323,3118,2956,2795,3057,3097,2847,3336,3326,3116,3219,3042,2722,3293,3058,3040,3141,3035,2872,2839,2850,2893,3014,2874,2946,3177,3126,3014,3150,2790,3017,3049,2997,3239,3184,3155,3068,3125,2890,3271,3125,3112,3037,3062,3055,3037,2860,3347,3036,3216,2989,2907,3005,3122,3138,3136,3222,2963,3041,3316,2801,3012,3071,3157,3101,2940,2880,3128
6.0000,3680.5200,3691,3656,3399,4163,3382,3506,3735,3737,3484,3606,4045,3622,3969,3715,3453,3670,3565,3474,3549,3743,3568,3624,3640,3458,3549,3743,3624,3730,3580,3676,3717,3630,3977,3785,3605,3369,3644,3755,3404,4059,3917,3738,3854,3718,3457,3938,3781,3761,3802,3616,3424,3481,3408,3562,3585,3462,3661,3811,3781,3626,3752,3292,3648,3712,3642,3903,3786,3921,3637,3773,3564,3918,3801,3693,3699,3686,3733,3569,3474,4037,3559,3854,3671,3488,3740,3786,3752,3697,3961,3581,3661,3973,3457,3640,3679,3842,3830,3679,3496,3782
7.0000,4370.7000,4362,4359,3992,4935,4106,4197,4415,4460,4123,4455,4683,4311,4756,4404,4028,4385,4296,4095,4178,4501,4148,4283,4301,4159,4138,4562,4330,4427,4241,4357,4382,4336,4716,4345,4216,4085,4356,4534,4127,4837,4584,4314,4644,4350,4145,4691,4462,4572,4565,4303,4042,4194,4016,4217,4227,4046,4387,4455,4510,4372,4511,4028,4352,4404,4460,4645,4508,4619,4244,4476,4342,4671,4549,4275,4320,4383,4378,4210,4135,4698,4291,4590,4413,4052,4435,4502,4399,4351,4674,4154,4365,4668,4141,4230,4450,4580,4591,4304,4156,4499
8.0000,5072.4600,5103,5026,4765,5662,4839,4834,5180,5110,4872,5242,5386,5027,5382,5076,4750,5169,4974,4741,4872,5340,4788,4890,4995,4902,4803,5462,5046,5053,4856,5005,5121,5091,5452,5099,4847,4824,4957,5178,4890,5556,5187,5121,5359,4950,4843,5277,5198,5300,5286,4996,4701,4901,4721,4794,4822,4707,5092,5069,5276,4906,5299,4612,5201,5132,5151,5259,5256,5351,4949,5150,5151,5435,5245,4977,4938,5081,5029,5006,4914,5255,5021,5283,5163,4817,5133,5222,5091,5097,5426,4855,5022,5431,4859,4932,5176,5321,5332,4979,4820,5204
9.0000,5686.8000,5685,5673,5468,6162,5594,5432,5788,5525,5599,6030,5974,5634,5908,5695,5489,5796,5517,5407,5503,6092,5346,5459,5706,5639,5323,6022,5785,5744,5412,5536,5741,5728,6057,5639,5429,5443,5562,5708,5515,6124,5776,5791,5856,5498,5569,5794,5743,6105,5942,5609,5248,5580,5427,5327,5456,5288,5732,5787,5949,5390,6022,5205,5833,5778,5763,5829,5788,5864,5483,5683,5866,6014,5912,5558,5566,5701,5693,5645,5547,5663,5573,5954,5809,5471,5708,5862,5583,5702,6118,5485,5521,6057,5475,5464,5765,5971,6085,5595,5521,5792
10.0000,6084.1800,5967,6098,5950,6490,6169,5840,6135,5728,6050,6552,6374,6016,6291,5979,6048,6277,5907,5795,6027,6606,5721,5772,6092,6056,5623,6431,6269,6253,5890,6000,6178,6128,6489,5980,5811,5948,5960,5972,5821,6469,6015,6254,6088,5859,6210,6108,6119,6564,6411,5974,5638,6060,5857,5638,5852,5707,6271,6088,6315,5629,6355,5498,6246,6260,6220,6175,6177,6109,5834,6011,6299,6385,6471,5920,5984,6189,6078,6031,5982,5916,5951,6366,6090,5984,6056,6294,5948,6114,6561,6031,5812,6408,5892,5800,6138,6431,6566,5860,6040,6117
11.0000,6174.6000,6004,6252,6136,6407,6487,5939,6257,5641,6253,6791,6385,6070,6303,5906,6327,6452,5850,5873,6192,6782,5896,5706,6164,6167,5707,6433,6546,6529,6039,6208,6328,6223,6496,6059,5858,6066,6044,5857,5834,6404,6002,6507,6043,5973,6510,6107,6174,6691,6526,6062,5802,6180,6036,5710,6055,5921,6469,6121,6408,5640,6501,5492,6215,6434,6334,6238,6270,6066,5915,5999,6440,6385,6657,6055,6052,6350,6065,6118,6194,5954,6030,6530,6201,6190,5987,6371,5833,6254,6690,6193,5726,6489,6060,5771,6257,6521,6680,5897,6198,6040
12.0000,5953.2800,5800,6085,6010,6003,6416,5685,6007,5214,6086,6635,6112,5849,6023,5489,6311,6236,5628,5687,5972,6698,5791,5356,6009,6043,5455,6257,6533,6351,5895,6115,6144,5953,6067,5791,5673,5954,5822,5463,5550,6070,5714,6266,5690,5764,6491,5753,5842,6439,6339,5812,5576,6075,5895,5379,5910,5835,6325,5783,6108,5342,6299,5254,6002,6282,6031,5959,6043,5717,5692,5707,6299,6141,6533,5791,5852,6230,5769,5922,6174,5657,5735,6291,6003,6135,5748,6139,5457,6053,6490,6009,5336,6194,5990,5467,6047,6322,6500,5698,6074,5710
13.0000,5449.2700,5296,5593,5573,5394,6063,5088,5458,4536,5633,6162,5520,5283,5449,4821,6044,5749,5163,5227,5467,6308,5314,4862,5585,5614,4985,5747,6103,5928,5438,5720,5565,5422,5455,5250,5164,5507,5398,4840,5007,5484,5139,5859,5054,5264,6098,5095,5260,5871,5774,5267,5170,5535,5549,4754,5546,5434,5891,5256,5560,4773,5786,4711,5507,5812,5561,5412,5517,5127,5213,5106,5896,5597,6127,5326,5435,5785,5230,5482,5758,5076,5171,5788,5497,5770,5181,5608,4815,5568,6007,5541,4703,5596,5615,4925,5593,5805,6001,5176,5574,5165
14.0000,4752.5000,4576,4862,4916,4574,5551,4391,4743,3841,4946,5499,4826,4568,4696,4123,5372,5065,4512,4546,4787,5663,4600,4123,4894,4915,4296,5034,5478,5290,4780,5044,4863,4687,4771,4546,4502,4921,4651,4084,4290,4773,4354,5181,4304,4551,5528,4393,4555,5127,5072,4587,4529,4887,4829,4050,4875,4785,5169,4551,4883,4050,5140,3994,4822,5129,4855,4681,4736,4409,4535,4367,5288,4884,5507,4649,4714,5048,4483,4770,5091,4339,4416,5125,4789,5166,4474,4814,4062,4880,5309,4886,3977,4827,4905,4213,4906,5066,5335,4482,4838,4480
15.0000,4015.5500,3823,4131,4178,3797,4787,3638,4007,3084,4264,4688,4068,3834,3943,3461,4634,4323,3769,3838,4014,4893,3873,3368,4197,4172,3526,4243,4740,4578,4102,4303,4114,3963,4054,3776,3783,4200,3934,3371,3579,4028,3631,4441,3536,3814,4828,3647,3804,4350,4270,3812,3806,4110,4124,3367,4095,4071,4399,3847,4126,3368,4408,3294,4101,4387,4136,3951,4017,3674,3814,3599,4534,4155,4752,3918,4003,4314,3767,4007,4372,3608,3696,4392,3969,4408,3728,4068,3358,4136,4544,4149,3238,4076,4230,3487,4173,4336,4613,3770,4107,3742
16.0000,3299.9200,3104,3397,3429,3074,4092,2991,3282,2393,3568,3944,3351,3131,3258,2797,3920,3572,3058,3108,3283,4152,3207,2687,3488,3456,2850,3517,4051,3860,3383,3598,3384,3263,3315,3077,3118,3512,3237,2644,2873,3283,2882,3718,2835,3180,4115,2939,3080,3591,3571,3112,3090,3364,3372,2677,3374,3352,3634,3185,3455,2659,3648,2632,3304,3685,3394,3251,3265,2913,3122,2833,3732,3397,3961,3191,3304,3604,3073,3334,3580,2941,3086,3679,3215,3684,2979,3341,2689,3440,3794,3409,2531,3360,3559,2832,3393,3544,3929,3041,3372,3059
17.0000,2613.1100,2459,2720,2774,2408,3347,2310,2647,1717,2817,3245,2627,2465,2555,2167,3224,2904,2379,2441,2616,3422,2536,2097,2791,2783,2200,2766,3349,3159,2656,2894,2677,2523,2634,2375,2499,2873,2563,1983,2188,2654,2188,2989,2181,2493,3399,2278,2378,2878,2896,2388,2433,2663,2693,2052,2663,2687,2915,2502,2709,2013,3018,1990,2603,2913,2689,2583,2520,2213,2395,2167,2991,2661,3254,2529,2630,2902,2432,2681,2867,2289,2426,2991,2490,2973,2286,2622,2064,2698,3056,2714,1888,2643,2855,2205,2699,2855,3198,2382,2671,2426
18.0000,1964.8500,1819,2074,2119,1777,2668,1670,2000,1143,2143,2485,1927,1810,1912,1564,2548,2236,1752,1834,1970,2653,1909,1520,2150,2114,1601,2041,2665,2475,2030,2230,2058,1868,2027,1746,1842,2244,1901,1345,1536,1980,1610,2268,1580,1854,2779,1665,1765,2244,2215,1739,1817,2026,2035,1453,1977,2047,2200,1816,2070,1419,2332,1419,1932,2306,2075,1944,1800,1602,1780,1533,2285,1984,2533,1848,1990,2263,1795,2013,2246,1641,1786,2355,1850,2302,1648,1944,1472,2067,2388,2084,1276,2008,2170,1619,1989,2160,2536,1801,1979,1765
19.0000,1376.8000,1264,1457,1535,1202,2025,1128,1414,664,1564,1876,1352,1244,1284,1010,1937,1633,1195,1246,1398,1998,1325,1010,1512,1520,1078,1441,2020,1818,1420,1627,1459,1335,1433,1171,1273,1690,1313,837,1006,1338,1044,1685,980,1237,2113,1085,1222,1612,1577,1170,1206,1434,1431,889,1384,1488,1565,1238,1456,917,1670,905,1328,1673,1494,1360,1218,1083,1192,1018,1697,1405,1901,1253,1354,1644,1235,1419,1650,1094,1235,1683,1275,1678,1089,1339,963,1451,1765,1481,778,1416,1603,1064,1381,1556,1861,1186,1336,1162
20.0000,877.5900,797,928,984,767,1408,710,888,396,993,1252,862,721,769,615,1348,1087,732,765,865,1350,820,598,972,1015,642,948,1389,1254,912,1092,939,835,929,715,755,1111,782,512,613,862,612,1115,632,773,1540,667,736,1064,1018,718,752,911,885,505,859,967,990,719,942,555,1089,519,827,1143,984,895,722,619,748,577,1110,906,1286,779,876,1057,770,865,1051,625,766,1123,788,1102,669,817,558,947,1191,954,460,891,1062,648,864,1008,1298,729,854,690
21.0000,529.0500,472,575,596,619,886,444,568,393,598,739,535,451,442,457,841,660,436,427,481,855,445,378,579,585,369,534,899,769,526,619,550,456,553,415,422,672,452,389,359,489,354,667,525,504,1011,415,454,609,605,396,446,499,471,362,533,566,566,385,573,334,647,395,515,684,565,487,471,292,472,383,661,501,802,448,500,661,444,542,617,416,438,618,482,662,464,457,291,551,697,537,333,497,616,379,500,561,756,432,497,424
22.0000,403.1500,375,369,367,675,442,420,436,564,426,471,495,435,387,515,466,379,342,319,368,586,268,422,446,311,362,360,477,450,376,339,362,377,390,390,363,399,416,583,386,382,322,370,618,513,588,453,433,348,362,381,295,317,339,463,450,447,374,300,350,385,349,465,428,394,291,397,483,304,401,403,396,323,427,378,390,463,336,367,317,422,316,397,384,490,533,348,396,364,440,285,542,309,355,291,386,333,453,328,416,411
23.0000,519.3000,528,376,458,948,294,601,548,891,501,402,773,663,571,804,333,314,523,478,488,647,331,681,552,333,558,522,345,358,486,353,416,557,524,671,526,295,576,923,633,514,545,414,914,777,356,678,603,371,374,580,389,432,481,744,545,518,427,442,359,647,372,707,600,370,273,511,661,572,570,635,410,464,325,592,518,492,461,471,302,609,478,454,521,582,821,449,653,454,389,298,920,390,372,438,542,302,351,511,646,553
24.0000,806.1800,827,566,786,1368,370,945,835,1294,790,630,1108,951,902,1178,535,439,861,740,844,897,627,1065,835,560,929,866,391,509,733,496,694,893,766,1017,895,463,900,1346,987,813,898,680,1331,1245,384,994,857,630,604,913,635,736,802,1161,803,813,728,707,610,1029,574,1105,908,536,476,777,978,906,901,1032,708,809,436,903,849,705,749,764,511,915,780,682,789,908,1220,701,1059,724,635,595,1344,603,580,695,845,517,551,798,1030,809
25.0000,1196.7700,1211,816,1213,1831,588,1403,1205,1829,1172,956,1554,1315,1356,1666,889,719,1319,1110,1346,1302,952,1556,1230,909,1322,1219,623,782,1114,837,1092,1346,1207,1419,1367,808,1327,1896,1466,1230,1304,1104,1851,1775,629,1446,1204,1002,970,1328,995,1190,1229,1613,1252,1198,1071,1068,982,1486,886,1603,1386,790,745,1190,1349,1309,1282,1439,1094,1241,709,1277,1284,1035,1090,1151,836,1285,1169,1033,1146,1336,1677,1130,1527,1152,925,916,1772,997,904,1040,1300,832,898,1179,1419,1145
26.0000,1661.4300,1679,1293,1696,2370,937,1955,1641,2297,1659,1362,2057,1820,1814,2204,1300,1089,1758,1609,1854,1820,1390,2072,1640,1358,1738,1706,1018,1136,1589,1275,1637,1879,1696,1884,1756,1187,1880,2506,2071,1655,1807,1514,2405,2321,966,1877,1622,1443,1376,1816,1362,1654,1736,2086,1778,1719,1656,1528,1391,1927,1291,2149,1858,1154,1198,1632,1922,1766,1721,2028,1592,1710,1138,1742,1798,1496,1578,1595,1335,1719,1641,1445,1545,1902,2157,1497,2006,1581,1373,1343,2281,1459,1415,1521,1688,1237,1261,1620,1877,1601
27.0000,2184.2700,2188,1747,2318,2920,1362,2471,2136,2929,2172,1882,2450,2332,2381,2784,1786,1548,2276,2126,2450,2312,1920,2635,2132,1912,2244,2246,1553,1614,2084,1793,2206,2432,2249,2407,2304,1737,2485,3123,2617,2122,2368,2001,2937,2926,1446,2402,2070,1978,1899,2433,1796,2206,2370,2586,2342,2322,2225,2013,1866,2579,1782,2715,2437,1626,1631,2160,2485,2358,2207,2545,2100,2111,1708,2265,2362,2043,2102,2012,1742,2277,2093,1941,2063,2550,2657,1934,2585,2049,1879,1838,2889,1969,1943,2049,2149,1766,1669,2098,2473,2015
28.0000,2736.0100,2843,2380,2943,3549,1871,3061,2564,3533,2792,2397,2937,2873,2952,3529,2337,2155,2833,2554,3064,2807,2430,3201,2619,2434,2888,2875,1983,2166,2701,2383,2806,3005,2845,2916,2814,2255,3140,3727,3175,2497,2726,2430,3470,3552,1908,3007,2526,2447,2458,2961,2289,2803,3031,3230,2927,2916,2842,2577,2366,3227,2301,3212,3066,2079,2190,2631,3087,2895,2844,3176,2607,2567,2261,2876,3013,2552,2610,2613,2221,2809,2716,2468,2626,3137,3258,2432,3200,2632,2394,2354,3466,2479,2468,2595,2699,2313,2209,2542,3048,2428
29.0000,3344.1900,3501,2950,3569,4126,2312,3646,3024,4176,3382,3038,3481,3433,3613,4281,2793,2721,3392,3260,3694,3408,3038,3740,3242,3037,3575,3575,2581,2701,3269,3035,3459,3669,3606,3511,3504,2775,3854,4285,3786,3039,3325,2980,4140,4297,2434,3690,3046,3069,3100,3581,2815,3380,3665,3974,3495,3598,3459,3190,2906,3953,3003,3867,3641,2762,2831,3250,3758,3502,3597,3812,3172,3133,2761,3577,3624,3134,3119,3308,2757,3405,3347,3069,3303,3819,3929,2967,3799,3173,2918,2916,4076,3020,3044,3119,3259,2818,2797,3111,3741,3003
30.0000,3993.5500,4156,3613,4294,4842,2883,4311,3598,4909,4031,3631,4101,4110,4310,5250,3305,3482,3992,3873,4459,4053,3670,4529,3852,3772,4177,4313,3173,3353,3829,3624,4155,4370,4312,4090,4226,3326,4595,5105,4441,3714,3934,3443,4860,5050,3012,4482,3642,3747,3725,4333,3546,3986,4405,4575,4094,4264,4107,3832,3461,4561,3694,4524,4379,3351,3449,3935,4454,4163,4389,4374,3763,3705,3354,4281,4313,3795,3679,3916,3297,3899,4015,3661,3917,4527,4608,3501,4436,3770,3503,3633,4835,3565,3648,3684,3972,3305,3379,3739,4404,3651
31.0000,4683.3600,4942,4342,5033,5466,3538,5004,4253,5526,4766,4265,4776,4775,5049,6090,3904,4131,4578,4401,5160,4680,4333,5203,4653,4414,4894,5108,3806,4011,4480,4305,4908,5102,4995,4812,4865,3964,5475,5891,5120,4435,4538,4091,5651,5844,3645,5233,4309,4387,4420,5084,4294,4652,5079,5265,4809,5040,4746,4477,4113,5318,4456,5167,5167,3987,4016,4604,5185,4894,5078,4974,4518,4412,3838,5060,5060,4383,4364,4661,3987,4669,4632,4319,4580,5292,5368,4145,5048,4292,4120,4420,5525,4288,4304,4391,4712,3998,4098,4438,5104,4334
32.0000,5366.3200,5596,5147,5892,6050,4159,5639,4981,5915,5545,4985,5393,5368,5713,6926,4577,4822,5267,5038,5822,5338,5056,5781,5437,5125,5421,5925,4430,4576,5148,4918,5577,5894,5696,5501,5529,4595,6242,6350,5621,5178,5193,4746,6400,6509,4329,5990,4994,5129,5133,5763,5017,5383,5828,5765,5483,5791,5514,5249,4965,6052,5193,5669,5863,4701,4675,5425,5917,5581,5673,5655,5391,5157,4532,5672,5851,5081,5077,5373,4610,5476,5362,5107,5240,5894,5857,4888,5448,4858,4834,5171,6006,5079,4923,5150,5501,4623,4780,5053,5772,5108
33.0000,5906.2300,6125,5808,6577,6406,4880,5975,5476,6078,6098,5670,5939,5639,6346,7433,5196,5561,5885,5480,6210,5853,5781,6042,6152,5880,5733,6533,5089,5350,5797,5531,6163,6392,6233,5922,5887,5294,6797,6522,5759,5706,5699,5485,6826,6890,5012,6505,5581,5663,5814,6321,5646,5938,6260,6058,5973,6269,6111,5871,5653,6461,5888,5899,6300,5239,5452,6130,6449,5997,6171,6050,6176,5814,5087,6003,6460,5591,5509,5992,5240,6112,5861,5811,5853,6292,6296,5506,5555,5276,5487,5985,6278,5832,5455,5809,6040,5328,5503,5627,6274,5762
34.0000,6209.5500,6353,6354,6939,6436,5633,6192,5792,5810,6407,6271,6031,5706,6679,7760,5633,6280,6218,5767,6304,6152,6191,5964,6576,6443,5820,6975,5618,5981,6181,5854,6556,6600,6471,6051,6038,5837,7044,6324,5778,5998,5909,5988,6973,6996,5556,6747,5846,6073,6254,6509,6115,6232,6387,6011,6299,6439,6547,6228,6160,6540,6519,5822,6488,5828,6029,6632,6618,6098,6381,6107,6727,6217,5530,6154,6803,5853,5769,6289,5683,6511,6012,6364,6328,6407,6373,5953,5359,5463,5930,6426,6167,6353,5834,6143,6412,5847,5980,6057,6518,6145
35.0000,6217.5600,6196,6642,6921,6248,6277,6037,5785,5364,6378,6652,5883,5446,6612,7750,5914,6676,6286,5661,6067,6126,6430,5662,6753,6762,5561,7073,5825,6473,6295,5928,6587,6479,6362,5856,5889,6075,7076,5853,5459,6012,5788,6245,6799,6801,5852,6588,5957,6134,6413,6402,6279,6205,6226,5613,6274,6366,6720,6287,6418,6329,6836,5451,6263,6065,6403,6742,6545,5923,6204,5866,6994,6274,5765,5865,6882,5793,5839,6377,5919,6610,5874,6568,6392,6125,6113,6123,4921,5390,5997,6674,5765,6673,5919,6228,6331,6055,6154,6164,6472,6175
36.0000,5908.1700,5744,6572,6556,5746,6532,5517,5470,4698,6103,6614,5377,4971,6316,7318,5890,6789,5977,5255,5504,5723,6265,5094,6506,6644,5001,6855,5896,6580,6084,5672,6383,6091,5988,5322,5388,6058,6659,5176,4832,5675,5464,6348,6269,6359,5830,6143,5700,5841,6223,5980,6098,5826,5777,4975,5923,5888,6573,5940,6400,5876,6779,4788,5768,5972,6547,6500,6128,5480,5704,5291,6972,5995,5776,5258,6630,5408,5485,6100,5805,6409,5399,6451,6173,5569,5541,5897,4220,4991,5785,6563,5153,6621,5730,5919,5905,5965,5975,5870,6074,5947
37.0000,5351.4100,5090,6169,6000,5029,6560,4829,4892,3994,5490,6259,4657,4235,5628,6640,5522,6510,5391,4613,4766,5102,5817,4402,6004,6310,4250,6331,5542,6303,5544,5135,5951,5441,5334,4594,4673,5684,6028,4411,4110,5104,4795,5980,5567,5626,5568,5500,5132,5317,5888,5357,5632,5237,5029,4269,5258,5230,6076,5404,6050,5186,6431,4082,5097,5646,6319,5980,5509,4806,4975,4543,6529,5516,5404,4565,6088,4758,4901,5579,5415,5863,4670,6108,5603,4863,4832,5329,3525,4333,5337,6127,4463,6219,5251,5360,5307,5573,5603,5348,5457,5382
38.0000,4653.2200,4312,5526,5206,4224,6229,4127,4188,3294,4750,5647,3977,3494,4871,5852,4911,6026,4679,3926,4023,4375,5127,3685,5287,5664,3537,5547,4892,5806,4832,4433,5245,4682,4614,3840,3904,5121,5305,3658,3344,4412,4103,5420,4789,4847,5037,4706,4366,4616,5263,4566,4969,4486,4298,3546,4489,4499,5400,4611,5394,4462,5789,3379,4310,5054,5813,5258,4773,4062,4213,3798,5894,4794,4808,3829,5312,3997,4213,4894,4739,5105,3952,5503,4903,4054,4107,4639,2813,3604,4681,5457,3730,5575,4587,4601,4604,4967,4928,4670,4757,4717
39.0000,3925.5000,3572,4812,4476,3472,5668,3436,3474,2661,3986,4901,3316,2798,4089,5067,4138,5331,3912,3227,3285,3647,4406,2987,4525,4910,2834,4789,4148,5117,4141,3698,4527,3933,3832,3142,3176,4444,4539,2918,2675,3623,3405,4690,4063,4065,4336,3926,3627,3853,4552,3837,4216,3741,3554,2793,3753,3770,4651,3847,4636,3787,4993,2691,3519,4295,5100,4491,4002,3315,3525,3049,5152,4109,4097,3120,4573,3260,3509,4129,4082,4320,3327,4844,4176,3287,3419,3924,2139,2848,3953,4679,3052,4837,3880,3898,3888,4239,4168,3958,3964,4005
40.0000,3211.8400,2883,4083,3720,2723,4936,2764,2811,2034,3234,4112,2670,2109,3340,4288,3412,4577,3183,2525,2554,2916,3671,2285,3782,4165,2199,4021,3393,4359,3456,3080,3823,3203,3060,2470,2514,3718,3754,2242,2040,2900,2708,3922,3349,3353,3670,3178,2937,3166,3860,3160,3504,3046,2840,2155,2949,3122,3909,3144,3875,3043,4292,2057,2786,3546,4340,3705,3298,2628,2822,2327,4386,3378,3363,2413,3771,2620,2850,3412,3344,3640,2689,4127,3429,2601,2728,3207,1500,2187,3234,3933,2323,4071,3195,3167,3174,3513,3435,3278,3197,3319
41.0000,2531.3500,2218,3419,2960,2038,4153,2118,2164,1404,2588,3410,2013,1472,2611,3554,2701,3791,2486,1910,1905,2200,2955,1665,3134,3428,1606,3325,2705,3648,2764,2405,3174,2586,2347,1839,1843,3013,3017,1605,1466,2243,2058,3186,2659,2638,2924,2483,2301,2478,3113,2461,2810,2389,2183,1507,2327,2411,3165,2449,3170,2364,3639,1418,2064,2811,3585,2955,2587,1945,2200,1694,3662,2700,2655,1778,3086,1984,2205,2707,2673,2918,2038,3418,2712,1969,2083,2548,973,1578,2529,3236,1664,3308,2526,2495,2534,2849,2732,2550,2499,2669
42.0000,1891.4400,1586,2701,2250,1434,3420,1505,1606,861,1949,2703,1400,988,1919,2786,2026,3084,1812,1319,1322,1590,2229,1104,2458,2729,1055,2664,2045,2952,2123,1783,2449,1914,1743,1293,1235,2378,2294,1037,931,1650,1463,2498,2022,1962,2236,1823,1686,1816,2413,1790,2145,1765,1519,975,1692,1764,2528,1836,2492,1681,2897,911,1421,2132,2838,2287,1945,1368,1590,1126,2940,2060,1994,1194,2348,1396,1560,2060,2053,2228,1434,2627,2020,1340,1516,1918,543,1035,1937,2602,1096,2597,1885,1841,1909,2176,2105,1889,1887,2006
43.0000,1320.1500,1046,2013,1601,874,2769,949,1080,461,1337,2068,874,583,1268,2139,1455,2464,1256,847,831,999,1610,587,1854,2072,607,2004,1461,2306,1543,1219,1793,1325,1179,801,734,1714,1630,587,538,1090,991,1872,1372,1297,1651,1263,1128,1241,1759,1214,1545,1195,991,565,1134,1177,1909,1245,1864,1123,2211,543,940,1497,2194,1655,1345,874,1024,650,2236,1478,1391,726,1661,860,1039,1412,1426,1597,908,1903,1406,828,977,1317,354,628,1344,1939,666,1921,1279,1254,1335,1582,1508,1302,1274,1427
44.0000,854.8500,604,1425,1029,501,2095,512,615,264,850,1448,486,359,763,1528,950,1854,755,489,507,591,1048,332,1265,1474,417,1387,933,1654,997,740,1247,799,677,467,445,1170,1056,329,368,658,625,1253,875,800,1071,773,667,741,1152,735,1018,733,622,358,681,732,1318,756,1260,673,1575,345,518,977,1586,1131,805,494,584,421,1597,933,889,438,1097,457,607,912,943,1059,471,1339,884,473,581,790,428,452,859,1348,387,1326,767,763,824,1056,957,814,764,903
45.0000,550.9000,320,883,619,386,1464,330,304,332,513,922,338,429,451,1007,610,1252,379,331,447,447,602,329,780,950,414,848,538,1040,586,385,748,485,361,351,360,661,581,374,479,417,444,756,479,463,603,426,387,440,693,430,621,416,424,433,402,431,842,442,751,394,1025,371,449,570,1004,677,461,371,376,454,1007,530,574,440,606,326,334,596,537,669,302,820,511,312,379,446,676,541,449,882,358,810,442,442,421,641,543,446,445,517
46.0000,470.6500,335,498,465,542,934,426,258,601,370,556,450,690,474,648,499,765,349,468,648,515,314,493,442,548,709,499,303,591,395,295,392,373,376,513,550,300,395,614,786,436,496,436,358,441,334,413,342,342,515,423,469,311,503,651,429,407,549,353,443,468,598,622,619,313,566,481,385,459,393,641,537,305,498,748,395,428,345,540,346,493,425,491,356,376,406,272,1061,839,280,486,580,486,381,328,313,424,282,379,379,311
47.0000,601.9000,526,319,581,854,544,729,475,936,477,461,754,1022,719,606,609,418,483,816,961,753,349,858,380,380,1053,337,334,373,424,417,317,568,583,827,862,243,538,958,1067,672,748,338,440,631,287,561,559,519,601,660,566,488,798,1023,652,580,439,532,319,687,369,912,942,309,342,596,566,760,648,958,307,359,682,1089,448,639,548,790,427,543,757,428,502,617,643,361,1493,1279,322,353,943,459,512,503,499,515,299,580,506,374
48.0000,887.6100,882,394,895,1264,335,1081,732,1344,784,602,1159,1468,1064,824,922,405,771,1192,1412,1053,635,1294,594,510,1510,466,515,368,676,703,418,856,895,1270,1287,379,816,1414,1540,1031,1121,584,680,911,475,922,875,792,885,1019,835,782,1129,1505,1016,949,597,834,530,1025,406,1280,1306,531,344,906,882,1106,1013,1371,326,572,1006,1550,673,977,772,1149,704,710,1167,583,784,995,970,622,2017,1700,574,471,1310,641,790,791,784,785,553,924,849,641
49.0000,1286.4600,1319,606,1414,1735,420,1565,1071,1754,1221,878,1620,1992,1522,1110,1399,613,1235,1663,1886,1553,1087,1778,902,844,1966,753,835,573,1008,1083,706,1209,1294,1735,1798,691,1240,1935,2126,1472,1613,919,1086,1311,782,1304,1242,1236,1244,1442,1230,1244,1551,2059,1403,1376,940,1252,853,1494,647,1679,1796,944,648,1255,1313,1517,1468,1940,584,998,1431,2022,982,1414,1138,1526,1085,1054,1703,859,1198,1418,1436,1003,2548,2254,961,782,1780,976,1146,1265,1108,1120,941,1337,1263,915
50.0000,1751.0300,1829,937,1941,2223,709,1998,1528,2264,1667,1230,2099,2523,1999,1545,1868,919,1727,2272,2450,2102,1538,2391,1274,1281,2489,1126,1178,916,1428,1514,1013,1739,1766,2289,2389,1028,1752,2493,2733,1959,2222,1318,1495,1781,1178,1717,1667,1692,1698,1894,1730,1792,2035,2653,1888,1933,1390,1693,1241,1965,976,2043,2240,1382,1101,1713,1771,1997,1985,2487,936,1453,1939,2547,1502,1952,1564,1939,1567,1439,2218,1225,1677,1895,1901,1430,3089,2761,1439,1199,2220,1396,1582,1833,1573,1631,1426,1820,1789,1358
51.0000,2270.6900,2385,1305,2571,2785,1094,2563,1959,2852,2068,1675,2693,3149,2566,2106,2414,1335,2370,2798,2961,2718,2153,2969,1758,1708,2999,1558,1538,1349,1908,2067,1395,2234,2301,2898,2935,1498,2203,3122,3328,2513,2731,1803,1974,2262,1653,2146,2215,2261,2227,2433,2232,2338,2625,3241,2376,2478,1879,2164,1723,2534,1417,2516,2814,1903,1530,2263,2321,2494,2517,3060,1392,1927,2551,3148,2000,2360,2086,2405,2165,1883,2768,1676,2157,2469,2426,2000,3677,3376,1966,1737,2778,1835,2063,2443,2088,2152,2053,2351,2383,1823
52.0000,2828.5800,2917,1773,3248,3368,1625,3139,2539,3475,2578,2219,3284,3713,3210,2659,2960,1782,2883,3387,3605,3355,2748,3520,2294,2253,3544,2033,1948,1866,2353,2544,1918,2826,2839,3572,3666,2008,2758,3769,4043,3092,3357,2311,2641,2779,2126,2693,2798,2705,2729,2999,2830,2939,3216,3907,2954,2992,2475,2658,2110,3183,1891,3020,3379,2441,2033,2745,2789,2968,3102,3724,1899,2511,3202,3739,2599,2830,2608,2925,2796,2375,3267,2193,2696,3041,2918,2558,4312,4101,2468,2290,3391,2372,2575,3071,2607,2744,2684,2992,2995,2292
53.0000,3432.9700,3541,2351,3908,4048,2229,3696,3183,4181,3124,2808,3935,4363,3939,3271,3612,2338,3452,4092,4292,3911,3410,4137,2833,2747,4255,2532,2354,2341,2926,3099,2417,3456,3458,4232,4414,2536,3334,4457,4794,3801,3953,2876,3233,3414,2632,3261,3341,3298,3315,3654,3395,3594,3729,4629,3584,3673,3078,3300,2764,3785,2377,3579,4084,3099,2553,3314,3387,3615,3792,4411,2385,3039,3822,4357,3174,3420,3187,3591,3405,2900,3866,2728,3231,3797,3515,3105,5067,4790,3056,2890,3952,2952,3132,3667,3188,3330,3330,3495,3524,2876
54.0000,4074.3200,4137,2925,4606,4773,2846,4330,3799,4854,3729,3398,4632,5130,4627,3820,4274,2949,4041,4822,5074,4627,4144,4840,3368,3390,4909,3097,2919,2818,3443,3807,2973,4208,4099,4830,5193,3169,3905,5171,5546,4416,4727,3363,3898,4053,3243,3901,3978,3961,3951,4344,4112,4243,4373,5321,4245,4311,3672,3936,3384,4455,2913,4158,4816,3702,3114,3996,3940,4217,4548,5148,2941,3682,4567,5053,3835,4045,3789,4264,3969,3446,4572,3296,3813,4550,4198,3729,5569,5547,3656,3491,4636,3535,3781,4310,3772,4026,3962,4161,4171,3405
55.0000,4738.1800,4745,3539,5399,5579,3448,5012,4467,5458,4332,3914,5268,5675,5376,4465,4963,3534,4702,5575,5730,5388,4864,5551,3946,3970,5545,3709,3485,3402,4106,4479,3562,5006,4841,5606,5938,3743,4660,5886,6210,5100,5281,3973,4546,4840,3979,4503,4778,4672,4503,5088,4768,4864,5131,5921,4948,5068,4280,4655,4027,5169,3406,4825,5424,4321,3734,4721,4647,4846,5305,5706,3593,4406,5161,5743,4555,4626,4411,4968,4784,3993,5171,3936,4345,5347,4920,4413,5930,5947,4291,4188,5355,4129,4452,5144,4646,4727,4726,4844,4882,4078
56.0000,5372.3100,5339,4210,6111,6321,4085,5688,5228,5830,5030,4639,5833,5993,6075,5090,5608,4130,5294,6079,6244,5988,5702,6206,4614,4599,5919,4314,4121,4212,4708,5203,4203,5794,5572,6196,6333,4415,5383,6334,6658,5868,5833,4659,5187,5545,4702,5268,5633,5328,5261,5726,5387,5529,5696,6116,5583,5786,4993,5308,4670,5914,3998,5573,5905,4953,4397,5452,5338,5377,6128,6132,4291,5074,5725,6293,5247,5138,5107,5669,5647,4623,5663,4598,5017,6128,5674,4929,5956,6134,4992,4895,5863,4804,5125,5974,5349,5533,5368,5509,5616,4744
57.0000,5857.0600,5857,4919,6584,6621,4829,6256,5847,5905,5629,5335,6122,6097,6440,5567,6114,4847,5844,6310,6497,6356,6355,6499,5327,5184,5989,5006,4808,4946,5288,5709,4899,6330,6206,6521,6469,4962,6167,6565,6824,6349,6105,5380,5876,6303,5381,5900,6219,5736,5866,6234,5909,6020,5964,5928,6049,6256,5613,5869,5189,6416,4571,6077,6117,5434,5073,5939,5984,5699,6658,6291,4887,5698,6054,6445,5872,5558,5607,6165,6333,5174,5937,5253,5532,6706,6184,5473,5654,5974,5614,5593,6156,5544,5805,6584,5992,6055,5936,5975,6193,5318
58.0000,6095.9500,6052,5604,6798,6687,5545,6611,6110,5684,6008,5833,6147,5787,6534,5932,6257,5418,6084,6349,6388,6421,6718,6480,5788,5483,5808,5638,5426,5728,5661,6072,5512,6568,6408,6507,6310,5398,6590,6447,6647,6636,6118,5880,6210,6770,5800,6193,6625,5702,6188,6430,6151,6162,6039,5436,6256,6402,6171,6182,5511,6640,5237,6253,5971,5707,5643,6293,6329,5682,6935,6068,5447,5941,6069,6187,6242,5844,5789,6472,6740,5490,5794,5871,5692,6987,6356,5776,5054,5532,6035,6207,6080,6098,6245,6989,6490,6315,6303,6166,6560,5766
59.0000,6051.0100,6010,6181,6645,6391,6080,6648,6138,5247,6031,6062,5870,5235,6328,5975,6109,5944,6001,5992,6010,6166,6716,6114,6010,5644,5369,6078,5825,6320,5768,5935,5849,6575,6331,6160,5965,5557,6656,6087,6168,6582,5794,6086,6304,6934,5863,6120,6689,5452,6221,6274,6131,6015,5677,4706,6091,6203,6423,6333,5563,6547,5803,6115,5572,5731,6006,6428,6412,5311,6841,5531,5885,5919,5705,5685,6240,5641,5750,6416,6920,5556,5364,6265,5680,6904,6270,5820,4277,4789,6195,6554,5723,6200,6402,7025,6583,6342,6422,6065,6597,5959
60.0000,5721.1900,5574,6529,6225,5822,6352,6332,5906,4570,5781,6034,5300,4496,5877,5781,5610,6258,5695,5409,5349,5633,6417,5564,5851,5520,4691,6263,5933,6659,5480,5540,6000,6230,5921,5487,5307,5433,6512,5432,5481,6248,5167,5941,6043,6681,5726,5792,6457,4934,5989,5871,5860,5586,5135,3999,5611,5691,6355,6071,5378,6143,6098,5720,4962,5425,6006,6170,6131,4723,6453,4841,5920,5547,5099,5035,5947,5237,5241,5995,6713,5379,4701,6305,5295,6485,5789,5462,3551,4092,5998,6566,5099,6096,6236,6742,6356,5932,6142,5612,6326,5760
61.0000,5159.9100,4902,6474,5552,5129,6344,5833,5391,3880,5198,5679,4583,3818,5194,5266,4942,6225,5094,4676,4589,4938,5802,4810,5331,5083,3937,6035,5697,6496,5029,4840,5748,5612,5297,4795,4573,5032,5992,4688,4729,5587,4470,5555,5490,6156,5175,5285,5844,4247,5441,5182,5285,4912,4461,3269,4932,5029,5978,5622,4849,5530,6024,5068,4214,4881,5738,5634,5562,3972,5762,4084,5673,5017,4336,4347,5361,4547,4594,5391,6137,4836,4041,6125,4621,5826,5109,4895,2819,3354,5522,6317,4366,5630,5743,6164,5802,5411,5584,4959,5731,5262
62.0000,4473.7200,4159,6034,4853,4408,6028,5073,4691,3153,4435,5082,3842,3162,4413,4520,4214,5900,4353,3963,3865,4192,5071,4110,4593,4414,3224,5444,5194,6067,4412,4130,5281,4875,4528,4053,3860,4396,5333,3927,3975,4779,3755,4921,4771,5462,4488,4625,5115,3528,4727,4418,4560,4191,3779,2555,4175,4289,5355,4924,4134,4726,5665,4290,3454,4187,5214,4964,4799,3240,4993,3393,5173,4309,3565,3636,4602,3760,3855,4655,5435,4203,3402,5650,3940,5070,4359,4219,2152,2667,4839,5780,3657,4964,5058,5421,5041,4674,4819,4254,4947,4563
63.0000,3756.6900,3469,5375,4116,3675,5394,4283,3921,2438,3738,4382,3094,2485,3697,3825,3503,5334,3609,3229,3117,3505,4329,3369,3852,3702,2513,4739,4533,5400,3697,3462,4648,4113,3833,3322,3197,3702,4538,3207,3282,3941,3040,4245,4055,4705,3752,3845,4380,2848,4000,3719,3803,3443,3062,1897,3462,3586,4566,4257,3398,3938,5036,3585,2775,3478,4545,4216,4086,2616,4227,2689,4456,3575,2851,2931,3856,3071,3115,3911,4690,3514,2708,4945,3177,4257,3611,3460,1548,1996,4101,5077,2972,4211,4300,4651,4308,3941,4082,3534,4167,3831
64.0000,3054.6700,2712,4621,3392,2958,4651,3461,3119,1773,3031,3673,2400,1864,3046,3127,2772,4620,2883,2527,2470,2793,3570,2737,3177,3017,1866,3956,3809,4690,2996,2765,3918,3405,3128,2661,2501,3033,3768,2545,2568,3197,2382,3537,3307,3975,3048,3150,3629,2273,3297,2986,3110,2744,2338,1328,2775,2804,3889,3542,2693,3256,4308,2851,2135,2788,3806,3558,3349,1948,3475,2047,3773,2883,2177,2320,3112,2398,2467,3211,3939,2928,2067,4177,2499,3484,2854,2749,967,1402,3419,4370,2288,3503,3561,3885,3600,3232,3370,2823,3423,3058
65.0000,2391.7400,2062,3857,2668,2297,3874,2773,2452,1225,2377,3051,1781,1250,2377,2453,2094,3876,2222,1889,1797,2112,2812,2096,2487,2338,1304,3272,3093,4027,2371,2111,3193,2717,2387,2010,1857,2339,3018,1923,1880,2501,1747,2867,2581,3283,2382,2422,2958,1692,2605,2326,2425,2101,1713,855,2119,2153,3191,2852,2066,2560,3621,2172,1544,2073,3087,2886,2700,1358,2725,1485,3146,2217,1533,1706,2451,1746,1805,2527,3227,2311,1508,3489,1891,2736,2116,2040,602,909,2722,3639,1683,2800,2885,3163,2916,2580,2744,2183,2713,2414
66.0000,1775.0300,1456,3105,2035,1656,3121,2100,1799,719,1789,2418,1216,781,1777,1816,1508,3195,1582,1308,1232,1497,2122,1490,1830,1714,773,2579,2417,3337,1772,1493,2512,2025,1735,1379,1275,1701,2361,1283,1286,1829,1171,2219,1933,2601,1758,1763,2293,1133,1972,1665,1759,1519,1154,463,1525,1548,2477,2190,1490,1902,2915,1576,1009,1468,2442,2223,2019,870,2082,967,2477,1640,1029,1144,1825,1154,1213,1913,2532,1739,959,2846,1303,2045,1537,1451,356,549,2058,2972,1100,2150,2218,2462,2284,1931,2107,1547,2073,1760
67.0000,1224.4200,922,2393,1403,1045,2473,1495,1199,369,1209,1799,712,486,1139,1240,977,2536,1007,821,783,941,1513,945,1252,1166,471,1956,1799,2689,1182,921,1900,1387,1127,809,786,1118,1774,770,764,1181,685,1621,1362,1953,1162,1210,1652,647,1313,1131,1195,1015,678,258,974,997,1817,1575,957,1324,2245,976,560,937,1779,1659,1363,493,1472,555,1884,1130,625,679,1208,677,722,1306,1868,1181,549,2191,800,1436,973,909,407,412,1468,2289,640,1609,1629,1766,1663,1342,1486,1014,1394,1161
68.0000,796.0800,509,1759,859,588,1888,933,719,281,742,1211,393,404,645,784,620,1868,593,471,462,570,977,534,760,704,433,1367,1233,2011,686,545,1267,856,607,445,424,658,1236,417,530,720,415,1086,866,1328,713,727,1048,371,796,714,717,581,374,326,585,568,1256,1054,566,826,1653,565,328,492,1199,1161,846,380,972,337,1307,673,436,505,772,398,453,799,1263,741,332,1538,391,910,582,544,673,574,871,1644,365,1042,1080,1157,1087,813,967,579,850,703
69.0000,538.9300,298,1201,482,360,1279,557,428,387,431,775,276,593,385,438,459,1317,415,418,366,486,647,382,433,399,650,842,745,1427,356,374,778,473,401,314,341,348,723,353,517,500,382,633,478,804,416,412,593,272,443,483,379,318,362,504,340,424,754,636,374,475,1054,366,357,301,718,683,447,509,630,404,815,383,472,544,467,388,368,484,702,444,401,986,220,521,400,358,1054,901,524,1110,272,590,631,718,636,398,562,357,459,423
70.0000,499.4900,323,771,335,399,777,367,384,690,374,445,447,903,326,325,615,812,530,567,553,611,571,504,361,254,1051,449,402,890,252,514,415,371,445,439,533,298,404,608,755,523,585,346,302,445,360,453,406,364,351,550,370,319,580,789,316,494,422,411,434,321,621,469,540,325,421,362,350,752,579,651,425,295,717,801,378,653,593,442,434,382,663,553,301,390,474,461,1552,1275,418,693,465,283,417,515,359,286,360,384,326,373
71.0000,651.3900,461,451,470,657,441,421,554,1070,530,407,711,1379,455,478,967,457,841,847,825,927,740,792,469,365,1506,275,258,464,389,833,256,511,741,736,916,424,404,978,1104,722,963,309,390,369,502,746,449,583,507,793,559,489,925,1160,551,719,368,480,599,416,327,768,873,471,321,289,560,1079,797,957,321,431,1104,1221,542,933,927,653,359,560,989,386,498,543,780,728,2058,1776,511,385,748,255,435,575,326,416,409,712,458,549
72.0000,948.6400,762,364,828,1031,400,704,905,1481,818,674,1100,1846,765,777,1408,293,1286,1257,1268,1314,967,1179,762,647,2138,303,417,222,593,1290,384,823,1139,1079,1391,644,597,1401,1535,1048,1379,436,627,560,747,1101,720,934,774,1191,901,792,1299,1612,854,1047,603,713,972,695,321,1153,1271,765,466,449,861,1524,1100,1354,386,674,1556,1689,858,1325,1328,1054,554,793,1414,523,853,907,1132,1096,2612,2330,837,348,1105,412,694,791,545,712,683,1047,704,841
73.0000,1344.0000,1135,488,1263,1473,562,1118,1325,1911,1166,1084,1524,2385,1171,1138,1865,389,1763,1788,1716,1861,1328,1687,1114,1056,2763,469,707,282,918,1759,631,1206,1570,1458,1925,1040,917,1870,2071,1476,1862,731,912,841,1050,1618,1033,1325,1160,1715,1351,1265,1678,2126,1201,1511,918,1033,1411,1075,457,1637,1760,1112,770,770,1276,2116,1500,1864,652,1039,2003,2209,1232,1753,1753,1526,820,1253,1913,807,1300,1351,1595,1526,3209,3007,1214,558,1521,614,1031,1106,912,1091,1063,1489,1049,1354
74.0000,1816.8500,1626,725,1759,2046,877,1572,1753,2454,1518,1510,2016,2934,1627,1602,2434,660,2327,2348,2252,2410,1796,2195,1484,1505,3372,739,1039,508,1325,2294,945,1641,2086,1929,2512,1425,1394,2393,2624,2055,2493,1132,1376,1281,1499,2105,1519,1808,1596,2228,1852,1788,2191,2775,1704,2081,1315,1454,1856,1517,763,2131,2273,1612,1163,1125,1826,2627,1921,2420,1001,1483,2554,2858,1705,2353,2306,2084,1238,1696,2425,1187,1751,1878,2070,2007,3835,3703,1716,903,2017,973,1449,1501,1384,1529,1536,1962,1555,1884
75.0000,2338.4700,2145,1143,2318,2610,1361,2037,2298,3022,2041,1986,2601,3506,2132,2168,3096,1111,2947,2943,2788,3008,2346,2777,1904,1988,3962,1088,1461,864,1797,2765,1354,2214,2525,2401,3087,1940,1918,2954,3218,2621,3077,1599,1822,1804,1972,2759,2075,2373,2050,2794,2469,2344,2785,3443,2248,2623,1795,1868,2369,1963,1155,2662,2866,2091,1648,1511,2397,3174,2397,2883,1399,1956,3134,3586,2160,2957,2816,2656,1645,2150,2980,1608,2260,2388,2681,2537,4564,4401,2305,1372,2507,1427,1935,1990,1893,2042,2065,2448,2014,2510
76.0000,2898.4100,2634,1638,2739,3188,1831,2602,2919,3610,2632,2591,3168,4133,2708,2780,3736,1565,3571,3603,3357,3559,2977,3403,2417,2515,4598,1479,1914,1264,2368,3336,1885,2824,2997,3049,3640,2534,2422,3501,3899,3179,3668,2123,2421,2339,2523,3327,2589,2916,2553,3433,3096,2959,3351,4061,2763,3210,2347,2374,3033,2507,1619,3268,3480,2563,2214,2095,2928,3854,2972,3486,1815,2474,3705,4224,2732,3542,3417,3290,2194,2644,3565,2073,2793,2809,3236,3104,5251,5158,2903,1867,3055,1905,2411,2457,2430,2558,2711,3032,2590,3059
77.0000,3509.6500,3273,2161,3364,3840,2455,3204,3522,4309,3249,3229,3874,4747,3347,3478,4464,2016,4170,4278,4055,4178,3568,4001,3064,3039,5360,2005,2459,1706,2919,4070,2434,3409,3543,3741,4354,3102,3027,4108,4525,3714,4298,2619,2980,2912,3070,4020,3164,3612,3137,4153,3714,3722,3959,4706,3359,3878,2807,2990,3647,3104,2124,3932,4186,3163,2823,2704,3509,4502,3553,4148,2310,3102,4373,4974,3405,4187,4041,3872,2722,3177,4173,2585,3418,3401,3943,3768,5874,5872,3478,2384,3671,2381,3018,2995,2986,3173,3263,3674,3233,3656
78.0000,4161.3500,4161,2723,4040,4505,2981,3867,4203,5004,4016,3812,4603,5411,3897,4209,5205,2591,4826,4922,4655,4939,4231,4702,3622,3626,6099,2585,2968,2217,3548,4792,3107,4164,4183,4490,5027,3740,3646,4817,5281,4354,4997,3339,3631,3537,3721,4695,3765,4259,3741,4817,4436,4408,4653,5417,3946,4567,3311,3619,4351,3816,2694,4708,4844,3825,3430,3325,4210,5201,4281,4867,2797,3719,5086,5604,4090,4899,4803,4573,3243,3860,4896,3063,3994,3984,4724,4448,6228,6380,4091,2863,4444,2968,3735,3526,3610,3829,3882,4421,3921,4274
79.0000,4816.0500,4947,3255,4710,5232,3644,4528,4924,5626,4741,4466,5225,5929,4643,4850,6013,3219,5537,5461,5305,5772,4946,5330,4251,4207,6636,3104,3574,2760,4218,5506,3652,4942,4797,5291,5613,4470,4234,5449,5920,5111,5538,3995,4397,4152,4459,5397,4481,4895,4470,5448,5193,4961,5194,5940,4748,5285,3915,4312,4948,4602,3288,5465,5628,4556,4076,4054,4917,5716,5093,5421,3333,4279,5675,5941,4790,5579,5411,5301,3763,4592,5550,3684,4532,4715,5621,5206,6316,6552,4888,3457,5292,3552,4416,4152,4285,4647,4628,5112,4791,4963
80.0000,5412.1700,5768,3807,5482,5885,4376,5235,5627,6010,5420,5141,5703,6145,5425,5542,6638,3797,6288,5743,5774,6324,5524,5834,4938,4743,6806,3768,4127,3346,4979,6082,4303,5732,5418,6052,5994,5087,4928,5950,6441,5735,5978,4708,5171,4809,5160,5903,5213,5426,5162,5995,5747,5429,5643,6152,5397,5938,4528,4962,5722,5338,3965,6152,6307,5207,4788,4805,5576,6057,5672,5706,3955,4848,6052,6009,5623,6085,5858,5941,4385,5243,6001,4298,5244,5387,6394,5892,6071,6433,5669,4238,5981,4274,5117,4743,5105,5378,5315,5873,5616,5656
81.0000,5857.9400,6519,4398,6059,6321,5066,5812,6070,6069,6023,5785,5895,6093,6013,6058,6964,4529,6694,5700,5996,6617,5814,6171,5562,5120,6640,4493,4756,4035,5690,6416,4964,6403,6058,6585,6100,5576,5679,6147,6578,6188,6079,5509,5771,5481,5785,6267,5801,5760,5737,6258,6023,5759,5890,6043,5943,6367,5249,5515,6313,5939,4764,6427,6751,5768,5459,5554,6105,6107,6189,5787,4578,5255,6177,5729,6241,6154,6051,6445,5028,5727,6149,5030,5801,5812,6946,6305,5540,6087,6265,4966,6302,4931,5815,5508,5904,6069,5922,6346,6386,6269
82.0000,6055.0300,6902,5000,6397,6442,5667,6102,6256,5888,6276,6116,5899,5644,6328,6202,6925,5314,6772,5351,5866,6489,5953,6065,5975,5208,6174,5129,5238,4590,6029,6526,5522,6809,6460,6760,5881,5848,6334,5969,6395,6333,5895,6073,6105,6044,6130,6205,6202,5771,6119,6157,6070,5697,5874,5718,6196,6537,5950,5830,6627,6189,5369,6418,7021,5944,5937,6176,6363,5754,6412,5631,5217,5516,5913,5189,6547,6024,5881,6701,5607,5885,6009,5641,6144,5995,7237,6372,4810,5393,6529,5746,6412,5541,6254,6066,6422,6479,6342,6615,6809,6759
83.0000,5973.1600,6978,5540,6517,6301,6082,6147,6077,5395,6290,6240,5513,4978,6371,6147,6684,6056,6531,4759,5477,6029,5722,5629,6008,5013,5487,5743,5423,5211,6144,6253,5849,6806,6448,6606,5369,5843,6630,5535,5949,6129,5422,6362,6066,6352,6105,5902,6305,5433,6106,5727,5823,5387,5535,5029,6111,6414,6328,5801,6590,6190,5780,6066,6981,5906,6120,6590,6290,5191,6225,5120,5747,5449,5378,4456,6580,5605,5356,6581,5969,5707,5576,6101,6144,5838,7144,6120,4105,4615,6494,6214,6134,5854,6372,6284,6683,6671,6526,6483,6973,6991
84.0000,5622.8000,6711,5827,6352,5771,6166,5830,5633,4708,5933,5998,4872,4204,6006,5798,6160,6622,6011,4019,4850,5366,5223,5027,5791,4564,4681,6139,5338,5650,5929,5701,5803,6557,6107,6146,4663,5499,6554,4856,5288,5657,4686,6323,5754,6315,5879,5276,6028,4807,5862,5026,5226,4864,4938,4286,5726,6018,6435,5529,6211,5910,5930,5430,6559,5561,6097,6622,5865,4468,5787,4460,5888,4998,4701,3686,6262,4901,4623,6179,5934,5318,4926,6295,5815,5396,6761,5622,3364,3892,6139,6457,5615,5860,6184,6162,6710,6583,6345,5986,6849,6941
85.0000,5060.6600,6175,5804,5774,5050,6006,5227,4937,3961,5343,5450,4210,3497,5468,5224,5401,6862,5293,3268,4136,4593,4552,4304,5283,3877,3993,6213,5008,5791,5379,4985,5493,5991,5511,5514,3945,4794,6196,4126,4513,5033,3909,6001,5166,5943,5299,4523,5562,4060,5321,4281,4532,4201,4151,3539,5080,5281,6235,4935,5516,5268,5775,4698,5899,4963,5640,6322,5282,3745,5128,3702,5792,4414,3993,3012,5619,4256,3879,5541,5576,4670,4211,6123,5201,4701,6086,4901,2671,3200,5515,6308,4876,5551,5662,5682,6301,6095,5899,5326,6386,6482
86.0000,4379.9300,5435,5508,5042,4292,5497,4483,4181,3256,4639,4708,3526,2784,4688,4521,4637,6801,4540,2631,3417,3840,3797,3568,4560,3192,3266,5995,4375,5567,4720,4246,4897,5201,4807,4742,3202,4070,5592,3393,3783,4311,3207,5381,4411,5278,4572,3802,4859,3363,4579,3550,3764,3507,3451,2847,4301,4467,5675,4154,4811,4537,5327,3935,5171,4283,5010,5775,4488,3048,4346,2990,5426,3722,3298,2353,4865,3551,3114,4815,5002,3926,3478,5638,4373,3958,5263,4167,2035,2465,4777,5836,4182,4938,4896,5037,5599,5410,5177,4531,5755,5807
87.0000,3676.0400,4674,4965,4248,3558,4828,3752,3472,2549,3881,3915,2871,2111,3944,3810,3874,6347,3800,2021,2707,3144,3135,2879,3817,2508,2557,5417,3648,5135,3964,3475,4166,4418,4035,4028,2516,3413,4873,2697,3021,3570,2492,4588,3710,4583,3870,3085,4070,2699,3842,2828,3052,2842,2781,2200,3613,3703,4901,3423,4057,3790,4719,3241,4410,3559,4319,5090,3779,2390,3612,2372,4761,3069,2607,1738,4126,2880,2473,4083,4282,3190,2785,4949,3677,3216,4507,3432,1429,1804,4007,5192,3441,4261,4148,4318,4907,4655,4460,3787,5011,5046
88.0000,2980.7200,3917,4198,3510,2882,4093,3002,2724,1882,3138,3214,2229,1444,3167,3111,3130,5723,3101,1417,2044,2454,2497,2225,3127,1884,1897,4711,3011,4419,3278,2757,3448,3742,3317,3287,1846,2737,4106,2021,2310,2834,1858,3849,2929,3866,3208,2442,3355,2036,3170,2173,2372,2159,2096,1604,2896,2958,4186,2750,3311,3085,3996,2514,3653,2861,3574,4365,3071,1766,2901,1698,4025,2461,1983,1182,3390,2169,1849,3385,3588,2551,2122,4277,2956,2511,3743,2762,928,1192,3345,4447,2752,3518,3448,3606,4107,3904,3729,3024,4298,4284
89.0000,2321.3200,3201,3453,2836,2222,3404,2354,2079,1338,2428,2543,1656,905,2464,2421,2410,5008,2417,876,1447,1826,1845,1619,2505,1293,1323,3971,2346,3659,2571,2072,2742,3021,2637,2599,1245,2117,3367,1394,1602,2167,1266,3121,2264,3097,2559,1818,2719,1440,2514,1535,1719,1552,1498,1048,2213,2303,3431,2129,2613,2431,3218,1906,2922,2187,2852,3657,2379,1209,2212,1135,3293,1850,1372,702,2682,1575,1252,2724,2922,1925,1541,3578,2261,1877,2993,2105,556,678,2675,3736,2090,2813,2717,2903,3339,3170,2998,2372,3532,3571
90.0000,1713.8300,2497,2676,2207,1586,2777,1748,1474,824,1782,1866,1106,504,1802,1751,1770,4230,1749,528,933,1217,1263,1041,1871,798,787,3266,1715,2960,1933,1435,2100,2281,1960,1927,728,1509,2662,866,1074,1560,791,2427,1715,2390,1889,1200,2087,930,1879,984,1132,1015,958,617,1569,1672,2730,1516,1957,1767,2540,1278,2286,1567,2170,2945,1709,701,1560,684,2654,1321,870,383,2028,1035,757,2113,2279,1368,971,2905,1623,1301,2342,1458,328,397,2003,3054,1464,2175,2035,2239,2684,2493,2295,1739,2811,2830
91.0000,1190.9000,1868,2010,1621,1020,2123,1186,956,443,1211,1258,628,317,1233,1141,1149,3505,1144,389,545,753,782,571,1286,491,476,2568,1193,2273,1302,909,1538,1621,1355,1312,455,1015,2019,498,684,1010,460,1759,1167,1704,1288,758,1459,533,1298,581,685,601,515,349,1001,1139,2050,990,1351,1192,1848,790,1643,1027,1522,2299,1149,383,1016,411,2000,848,520,331,1420,568,362,1485,1619,832,565,2259,1082,824,1673,942,444,325,1326,2375,937,1515,1433,1616,1989,1893,1650,1159,2123,2149
92.0000,797.4500,1239,1385,1050,607,1517,751,528,307,743,776,328,431,726,669,714,2759,671,511,433,461,435,363,804,375,386,1894,714,1659,808,529,1009,1035,839,789,416,606,1392,336,585,599,456,1200,657,1122,777,430,875,327,806,355,461,360,288,372,575,693,1427,568,817,735,1282,418,1076,593,950,1706,674,285,589,402,1415,512,328,520,895,295,226,999,1096,460,362,1610,635,516,1146,524,679,497,812,1771,539,946,958,1091,1380,1256,1079,725,1523,1495
93.0000,581.9600,757,921,632,367,944,537,347,404,492,501,302,662,445,365,561,2042,422,800,559,370,339,427,525,559,584,1303,345,1092,458,443,593,632,503,459,611,397,904,350,732,392,684,722,341,657,406,399,460,316,472,414,437,355,323,606,369,470,929,367,486,481,798,261,661,332,557,1120,381,460,402,631,935,314,432,838,524,344,299,551,662,308,397,1089,415,413,774,339,1120,744,424,1216,356,534,531,652,858,736,632,433,1008,943
94.0000,566.7300,430,599,397,376,575,555,531,655,432,467,528,1018,394,318,679,1450,455,1132,837,548,492,633,425,848,910,793,248,653,301,647,393,382,399,391,932,498,528,601,1052,472,1069,421,367,402,326,599,286,534,372,621,694,517,546,915,451,520,516,392,346,539,476,354,387,368,358,637,398,804,487,956,511,383,731,1288,306,577,574,377,381,392,675,638,477,589,757,436,1603,1194,258,708,389,316,352,364,525,400,362,422,541,515
95.0000,740.7600,331,505,488,573,466,881,794,1053,570,639,854,1407,615,467,964,931,726,1627,1179,847,804,966,636,1255,1321,469,411,414,422,1025,451,409,525,615,1329,731,390,980,1440,741,1525,337,656,446,480,909,433,857,566,965,1050,818,845,1339,650,785,357,628,476,857,453,592,354,573,449,322,681,1253,715,1354,309,643,1129,1757,330,979,940,508,350,656,945,384,770,879,968,715,2043,1660,384,401,658,382,451,362,398,296,416,679,377,331
96.0000,1049.6300,476,670,761,900,599,1231,1165,1510,863,931,1256,1879,971,806,1369,535,1044,2191,1655,1254,1214,1396,974,1712,1763,399,691,403,783,1487,651,654,757,893,1764,1133,508,1391,1850,1166,2083,495,996,609,751,1380,765,1192,953,1341,1475,1232,1286,1755,988,1110,446,936,828,1287,638,942,540,911,689,262,1095,1731,1044,1881,309,953,1640,2288,562,1428,1338,799,493,1072,1404,354,1168,1327,1300,1002,2532,2175,648,380,1009,672,656,574,523,397,692,1011,477,484
97.0000,1454.1500,778,1014,1116,1279,843,1736,1665,1964,1275,1205,1650,2348,1375,1163,1848,379,1465,2807,2099,1756,1717,1904,1403,2213,2197,525,1075,611,1197,2009,1029,1026,1065,1256,2254,1592,797,1897,2439,1701,2616,858,1467,947,1101,1902,1204,1652,1401,1815,1996,1688,1768,2281,1422,1607,692,1315,1238,1733,940,1353,814,1364,1060,393,1584,2141,1461,2370,501,1333,2207,2909,900,1922,1856,1199,786,1568,1857,514,1570,1923,1694,1344,3095,2723,1012,602,1529,1040,1008,947,772,671,1073,1476,744,785
98.0000,1921.1700,1193,1460,1518,1696,1290,2330,2317,2564,1715,1591,2143,2835,1846,1605,2401,511,1907,3505,2596,2402,2197,2385,1940,2778,2737,782,1500,938,1657,2537,1490,1478,1437,1762,2746,2133,1177,2423,2922,2111,3187,1274,1931,1377,1569,2394,1628,2193,1960,2281,2451,2194,2260,2840,1885,2123,1095,1881,1694,2277,1438,1804,1139,1827,1491,647,2145,2659,1976,2965,838,1831,2683,3484,1262,2422,2341,1646,1213,1994,2331,788,2042,2480,2157,1864,3688,3340,1489,885,2025,1477,1337,1354,1113,1019,1546,2035,1096,1197
99.0000,2458.6100,1674,1951,2003,2252,1773,2950,3052,3217,2211,2067,2653,3455,2400,2099,2883,902,2429,4173,3166,3006,2696,2985,2531,3345,3405,1166,2027,1467,2182,3136,1966,1939,1935,2249,3387,2712,1608,3042,3502,2677,3769,1744,2498,1787,2109,2934,2103,2799,2508,2868,3028,2775,2823,3494,2488,2701,1522,2462,2217,2742,1934,2342,1598,2366,1977,1071,2723,3255,2513,3648,1301,2348,3226,4246,1775,2983,2965,2151,1741,2649,2851,1151,2621,3018,2751,2370,4409,4015,1985,1338,2502,1925,1813,1833,1554,1444,2108,2528,1502,1687
100.0000,3025.6200,2215,2464,2509,2827,2330,3586,3665,3879,2745,2635,3231,4075,2958,2673,3436,1366,2962,4819,3825,3639,3378,3600,3107,3929,4072,1650,2595,1982,2682,3851,2486,2434,2462,2742,3964,3312,2083,3685,4100,3247,4424,2239,3096,2338,2657,3547,2649,3396,3054,3424,3556,3400,3373,4085,2998,3272,2014,3015,2777,3329,2406,2907,2072,2959,2467,1435,3349,3874,3036,4286,1803,3012,3902,5003,2307,3636,3552,2792,2324,3215,3420,1593,3157,3599,3305,2975,5199,4717,2524,1767,3096,2391,2312,2379,2029,1901,2699,3136,1943,2240
101.0000,3646.4200,2700,3079,3128,3386,2932,4288,4414,4651,3421,3223,3833,4740,3658,3290,4033,1839,3647,5503,4534,4258,4066,4334,3801,4595,4846,2141,3162,2601,3234,4514,3113,2994,3014,3339,4709,4012,2582,4349,4852,3931,5091,2816,3700,2890,3272,4192,3197,4012,3701,4041,4186,3944,4054,4800,3680,3913,2576,3707,3381,3940,2866,3578,2605,3679,3061,1932,4015,4573,3607,4844,2340,3671,4516,5761,2819,4227,4213,3483,2885,3884,4134,2155,3792,4279,3883,3573,5766,5363,3093,2309,3723,2919,2865,2951,2536,2410,3353,3739,2568,2833
102.0000,4284.4500,3233,3775,3618,4019,3565,4985,5189,5396,4092,3776,4483,5318,4255,3973,4770,2481,4264,6002,5261,4955,4854,5067,4510,5087,5587,2683,3745,3147,3905,5373,3784,3632,3653,3836,5355,4658,3119,5150,5437,4656,5593,3435,4488,3449,3961,4879,3790,4699,4425,4629,4811,4665,4798,5447,4428,4689,3111,4421,4149,4553,3438,4205,3152,4357,3691,2493,4701,5228,4216,5468,3021,4348,5154,6351,3475,4870,4983,4200,3497,4592,4860,2756,4473,5039,4471,4173,6189,5920,3637,2823,4298,3532,3453,3552,3020,2858,4023,4329,3172,3359
103.0000,4908.7800,3887,4433,4205,4737,4317,5731,6017,5994,4783,4352,5139,5789,4963,4578,5365,3160,4954,6403,5774,5567,5603,5655,5202,5476,6079,3311,4362,3755,4616,6145,4503,4168,4296,4438,5898,5182,3772,5828,5853,5308,5839,4019,5317,4072,4754,5586,4492,5315,5116,5228,5487,5359,5464,5862,5204,5524,3728,5119,4988,5290,4132,4981,3828,5018,4269,3112,5483,5748,4957,5913,3624,5016,5749,6738,3974,5333,5801,4758,4159,5236,5582,3351,5120,5666,5009,4856,6359,6203,4170,3372,4795,4163,4127,4226,3678,3455,4705,5086,3825,3940
104.0000,5454.6000,4582,5139,5004,5349,5172,6255,6707,6310,5555,4901,5678,5898,5534,5272,5871,3812,5571,6326,6039,5967,6185,5979,5859,5540,6269,4037,4917,4446,5318,6848,5209,4852,4911,5038,6145,5574,4425,6386,6016,5983,5793,4549,6031,4756,5633,6144,5174,5708,5754,5712,5953,5810,6070,6014,5960,6270,4418,5827,5717,5976,4765,5746,4534,5524,4901,3699,6141,6021,5607,6054,4243,5653,6275,6689,4708,5656,6318,5347,4921,5574,5970,4097,5772,6075,5619,5596,6103,6156,4856,4030,5210,4880,4688,5069,4316,4069,5511,5824,4461,4634
105.0000,5829.4800,5286,5853,5651,5799,5975,6571,7012,6303,6128,5335,5943,5691,5971,5817,6164,4484,5926,5949,5982,6078,6552,5998,6201,5347,6152,4726,5311,5128,5929,7248,5978,5486,5376,5604,6033,5648,5134,6516,5885,6550,5380,5020,6525,5371,6295,6388,5772,5893,6210,5852,6084,5995,6355,5854,6489,6803,5074,6242,6380,6450,5360,6386,5243,5687,5509,4331,6666,6014,6071,5868,4973,6010,6417,6417,5289,5796,6547,5807,5547,5754,6008,4855,6199,6251,6040,6036,5573,5772,5508,4801,5457,5322,5288,5816,4976,4856,6363,6380,5237,5366
106.0000,5961.5400,5910,6449,6165,5915,6635,6569,7041,6024,6317,5498,5831,5185,6135,6058,6071,5180,5964,5360,5709,5848,6573,5745,6318,4824,5795,5396,5430,5799,6240,7279,6373,6095,5640,5944,5654,5364,5785,6370,5523,6767,4798,5288,6663,5864,6747,6360,6119,5718,6434,5686,5877,5868,6318,5395,6779,6997,5711,6330,6728,6613,5821,6731,5920,5620,6072,5092,6852,5703,6283,5357,5552,6056,6180,5800,5621,5588,6395,5963,5914,5691,5788,5486,6320,6019,6151,6195,4851,5126,5988,5516,5313,5548,5766,6355,5611,5562,6904,6663,5790,5920
107.0000,5823.1100,6270,6740,6378,5655,6930,6280,6787,5477,6280,5358,5460,4496,6027,5984,5723,5968,5714,4656,5099,5328,6276,5252,6215,4193,5226,5959,5393,6126,6247,6930,6525,6453,5537,6006,5023,4779,6160,5931,4903,6602,4066,5240,6502,6111,6902,5984,6201,5283,6293,5214,5354,5482,5888,4713,6785,6777,6075,6111,6707,6456,5883,6685,6277,5162,6262,5723,6787,5082,6181,4704,5983,5803,5734,5000,5654,5067,5937,5719,6025,5278,5327,6087,6153,5517,5978,6132,4167,4419,6122,5988,4817,5459,5998,6588,5964,6049,7176,6579,6121,6234
108.0000,5437.0300,6278,6742,6229,5119,6822,5686,6192,4822,5947,4926,4877,3752,5618,5548,5124,6612,5154,3877,4372,4625,5658,4536,5763,3453,4517,6191,4940,6328,5892,6373,6371,6477,5146,5689,4293,4073,6228,5239,4167,6107,3321,4994,5968,5956,6861,5334,5868,4624,5931,4528,4713,4829,5269,3982,6377,6337,6163,5625,6378,5958,5742,6278,6441,4540,6152,6107,6304,4362,5793,3996,6129,5188,5053,4327,5475,4386,5270,5247,5771,4544,4642,6354,5740,4819,5445,5748,3481,3685,6019,6208,4171,5014,5908,6544,6116,6289,7168,6099,6150,6219
109.0000,4871.0600,5985,6375,5847,4398,6425,4960,5461,4003,5383,4307,4199,3009,4987,4920,4417,6978,4431,3141,3673,3894,4907,3788,5031,2787,3808,6140,4263,6073,5308,5642,5916,6136,4499,5200,3613,3381,6118,4479,3440,5420,2651,4472,5293,5522,6441,4544,5254,3908,5295,3793,3982,4081,4444,3266,5724,5681,5889,4922,5792,5265,5323,5586,6213,3836,5759,6286,5598,3646,5204,3298,5925,4459,4357,3588,4913,3673,4499,4525,5253,3791,3908,6275,5103,4068,4759,5118,2802,2997,5602,6197,3467,4399,5502,6191,5963,6184,6769,5419,5796,5894
110.0000,4199.3100,5395,5759,5264,3680,5779,4218,4670,3207,4655,3623,3436,2314,4302,4211,3715,7139,3710,2409,2959,3158,4127,3098,4306,2126,3075,5803,3560,5545,4574,4878,5205,5575,3807,4460,2924,2689,5649,3750,2704,4638,2033,3789,4561,4883,5709,3795,4560,3200,4547,3118,3267,3314,3689,2560,4896,4952,5302,4122,5034,4506,4696,4837,5715,3137,5094,6109,4783,2938,4439,2574,5383,3702,3580,2912,4186,2994,3756,3781,4506,3100,3140,5981,4346,3361,3975,4382,2119,2292,4990,5827,2844,3661,4844,5558,5426,5710,6164,4643,5170,5343
111.0000,3502.5400,4660,5039,4515,2994,5070,3527,3928,2506,3983,2924,2720,1683,3540,3493,3032,6900,2991,1760,2276,2422,3381,2427,3594,1542,2377,5199,2912,4886,3854,4088,4472,4878,3121,3672,2242,2011,4978,3073,2106,3881,1430,3151,3852,4061,4848,3101,3825,2500,3769,2434,2603,2592,2988,1903,4111,4172,4584,3301,4249,3757,3995,4116,4980,2478,4302,5573,3942,2297,3696,1904,4721,2989,2922,2265,3469,2341,3026,3071,3748,2454,2421,5287,3637,2722,3202,3644,1509,1704,4253,5241,2211,2983,4133,4801,4845,5064,5397,3846,4514,4663
112.0000,2816.4300,3941,4229,3715,2298,4255,2803,3226,1859,3242,2252,2051,1137,2873,2807,2367,6328,2301,1154,1632,1767,2704,1789,2895,992,1747,4437,2267,4120,3167,3417,3694,4099,2457,2966,1582,1467,4216,2417,1466,3208,928,2476,3158,3344,4069,2406,3112,1877,3014,1786,1974,1966,2298,1306,3388,3428,3821,2601,3518,3032,3265,3349,4248,1829,3561,4871,3202,1686,2964,1301,4015,2299,2237,1599,2771,1749,2299,2381,3018,1835,1782,4522,2931,2124,2496,2889,948,1136,3528,4525,1611,2374,3484,4042,4158,4329,4608,3132,3823,3876
113.0000,2175.9500,3224,3507,3021,1677,3482,2090,2513,1266,2563,1627,1475,722,2202,2150,1746,5648,1704,674,1052,1203,2007,1258,2206,546,1183,3716,1703,3367,2483,2736,2992,3381,1852,2276,1015,960,3520,1797,917,2565,516,1891,2479,2632,3301,1741,2409,1303,2284,1184,1371,1369,1690,818,2657,2743,3133,1911,2780,2325,2538,2640,3495,1282,2898,4161,2502,1128,2294,800,3301,1689,1625,1082,2129,1187,1672,1749,2298,1243,1254,3804,2210,1473,1907,2206,513,648,2740,3861,1071,1770,2829,3326,3454,3663,3875,2413,3117,3185
114.0000,1597.1600,2567,2790,2322,1090,2742,1503,1856,758,1904,1114,940,434,1559,1521,1170,4849,1141,409,592,711,1433,758,1617,364,731,3037,1098,2666,1834,2076,2302,2678,1307,1634,585,554,2880,1251,522,1873,352,1352,1837,1994,2629,1175,1759,786,1660,701,875,839,1119,448,1957,2069,2475,1332,2104,1703,1918,1998,2791,771,2216,3410,1828,700,1696,430,2597,1118,1038,608,1533,681,1046,1203,1726,742,759,3095,1566,919,1312,1574,250,311,2112,3214,620,1213,2151,2600,2813,2970,3184,1773,2435,2457
115.0000,1122.0000,1899,2140,1693,650,2060,967,1252,414,1310,638,526,458,1002,973,718,4090,713,372,346,388,908,428,1024,421,416,2377,652,1995,1251,1522,1698,2060,836,1068,353,356,2190,791,366,1301,463,830,1290,1364,1939,699,1204,430,1079,403,524,545,644,382,1347,1460,1837,836,1499,1075,1366,1382,2206,479,1595,2672,1213,415,1151,322,1948,642,609,320,983,387,628,728,1166,405,453,2435,1017,547,791,1011,225,271,1483,2563,322,764,1545,1948,2163,2289,2506,1173,1809,1796
116.0000,787.2000,1339,1577,1117,376,1412,574,735,306,755,418,358,719,530,534,439,3390,398,603,279,405,589,350,621,571,396,1742,373,1372,802,981,1114,1478,483,640,345,393,1577,456,445,845,781,455,783,853,1354,431,717,349,630,318,376,430,351,623,869,928,1214,472,970,677,856,852,1602,439,1045,2056,737,334,651,460,1385,358,328,246,575,351,442,375,715,299,373,1764,567,365,485,574,388,419,946,1930,345,396,1019,1374,1584,1655,1820,683,1260,1249
117.0000,627.7200,808,1027,664,383,874,377,410,450,421,468,438,1136,356,323,377,2685,373,961,446,649,540,502,489,889,575,1165,318,879,459,629,634,925,308,398,553,614,986,387,720,493,1184,336,482,509,836,417,387,473,333,520,481,511,325,1006,562,532,691,384,547,508,515,505,1075,603,614,1444,490,605,342,837,884,297,386,372,359,618,533,297,375,429,566,1190,358,458,441,330,656,692,582,1313,523,219,593,886,982,1113,1182,413,821,761
118.0000,649.5500,448,584,453,684,541,440,411,674,356,700,674,1619,424,304,579,1966,547,1379,754,932,735,771,602,1271,934,697,473,520,337,525,376,511,401,438,879,971,607,568,1013,377,1649,440,425,417,518,642,309,834,324,839,766,810,495,1476,452,348,414,616,323,571,325,415,683,960,351,967,558,939,270,1224,487,498,628,645,350,962,843,422,261,704,806,715,408,730,713,312,1014,1070,431,789,872,312,367,498,553,684,723,382,462,479
119.0000,835.0800,351,335,480,1032,455,721,580,946,541,1022,1104,2157,707,508,942,1326,911,1886,1117,1380,1021,1167,859,1769,1386,396,822,412,480,643,357,263,619,678,1384,1309,428,875,1393,560,2088,675,544,489,464,1069,449,1325,574,1278,1151,1215,781,1989,629,414,354,1005,334,787,369,563,455,1371,349,552,839,1372,388,1674,359,840,1030,974,547,1355,1339,670,313,1136,1186,409,602,1100,1035,535,1455,1432,557,415,1400,610,375,399,336,458,442,547,343,441
120.0000,1159.7200,501,364,653,1524,647,1138,889,1248,872,1506,1593,2797,1094,844,1417,798,1304,2467,1584,1851,1482,1708,1320,2293,1914,388,1168,548,752,940,555,228,1056,957,1984,1783,490,1231,1902,832,2652,1029,810,799,686,1608,707,1876,903,1769,1584,1697,1152,2557,965,653,515,1460,518,1120,609,929,497,1847,582,334,1266,1856,658,2163,448,1285,1537,1416,884,1836,1845,1068,607,1596,1705,326,942,1526,1376,869,1996,1895,836,245,1858,968,550,538,415,489,510,862,482,639
121.0000,1576.3100,799,604,1012,1970,1000,1601,1268,1694,1344,2088,2090,3419,1544,1253,1850,508,1832,2997,2032,2405,1968,2171,1730,2872,2495,625,1712,812,1111,1344,837,401,1487,1454,2574,2302,700,1712,2325,1234,3327,1483,1169,1209,1003,2129,1113,2464,1350,2288,2095,2220,1671,3195,1354,953,797,1988,821,1626,931,1369,750,2401,937,369,1743,2397,1032,2671,697,1699,2055,1921,1219,2308,2325,1547,932,2154,2298,490,1387,2099,1814,1298,2643,2451,1216,271,2361,1449,878,840,692,717,783,1328,735,993
122.0000,2049.1500,1120,977,1413,2393,1448,2174,1666,2208,1821,2549,2716,4104,1984,1720,2355,507,2294,3515,2541,2971,2515,2672,2273,3577,3029,983,2293,1165,1508,1877,1227,680,1932,1947,3124,2858,1038,2258,2985,1725,3824,1954,1524,1690,1276,2726,1474,3057,1829,2726,2602,2851,2224,3707,1864,1409,1287,2496,1254,2121,1372,1839,1172,2868,1340,600,2335,2955,1490,3254,991,2210,2604,2431,1640,2889,2923,2106,1335,2689,2819,864,1870,2616,2288,1789,3246,2997,1701,555,2980,1923,1289,1180,1063,1105,1237,1766,1117,1430
123.0000,2584.0100,1600,1420,1944,3032,1910,2767,2155,2659,2405,3034,3228,4808,2439,2243,2948,798,2843,4246,3071,3611,3089,3311,2846,4247,3596,1425,2990,1594,2024,2329,1694,997,2430,2499,3809,3488,1521,2797,3641,2312,4502,2410,1965,2176,1740,3344,1897,3645,2355,3353,3164,3498,2644,4204,2392,1897,1837,3048,1757,2687,1921,2441,1676,3494,1844,967,2884,3504,2077,3926,1374,2737,3229,2904,2125,3571,3584,2610,1923,3312,3399,1287,2297,3259,2823,2360,3903,3556,2276,928,3540,2469,1750,1689,1421,1551,1746,2277,1567,1885
124.0000,3166.9500,2119,1802,2462,3736,2411,3433,2744,3155,2954,3645,3946,5490,2983,2817,3573,1173,3440,5004,3570,4282,3710,3906,3449,4968,4207,1910,3711,2003,2590,2850,2241,1458,3032,3181,4460,4142,2047,3415,4381,2888,5284,2965,2466,2767,2244,4027,2420,4279,2936,3938,3755,4176,3217,5002,2964,2391,2375,3599,2307,3384,2513,3037,2234,4141,2489,1403,3436,4052,2649,4711,1855,3272,3845,3500,2663,4173,4213,3168,2530,3977,4069,1734,2796,3892,3417,2939,4585,4207,2839,1353,4109,3037,2177,2214,1934,2045,2328,2897,1990,2488
125.0000,3779.5100,2655,2289,2992,4456,2962,4179,3311,3706,3489,4284,4677,6053,3568,3399,4336,1596,4019,5654,4215,5010,4317,4538,4126,5619,4918,2441,4388,2440,3088,3510,2811,1916,3592,3844,5102,4825,2619,4067,5153,3500,5879,3537,2926,3438,2805,4662,3013,4984,3575,4550,4366,4963,3758,5613,3615,2981,2999,4293,2843,4082,3112,3604,2822,4874,3003,1906,4062,4708,3260,5461,2359,3860,4502,4163,3211,4842,4890,3874,3186,4607,4858,2324,3285,4606,4132,3540,5288,4876,3584,1821,4718,3687,2631,2683,2579,2587,2913,3536,2484,2967
126.0000,4409.6400,3260,2857,3576,5277,3565,4877,3836,4365,4216,4971,5439,6391,4132,3988,4979,2058,4731,6247,4921,5688,5061,5088,4778,6127,5593,2937,5161,2943,3690,4261,3446,2448,4186,4587,5804,5519,3111,4720,5771,4143,6186,4271,3464,4062,3407,5317,3625,5648,4207,5229,5145,5640,4384,5991,4425,3563,3565,4941,3452,4820,3692,4249,3415,5723,3608,2511,4767,5343,3882,6009,2900,4456,5283,4795,3924,5484,5592,4462,3803,5287,5584,2915,3951,5333,4902,4307,5763,5469,4281,2410,5275,4322,3179,3292,3250,3138,3506,4203,3165,3444
127.0000,5005.7300,3887,3473,4075,6027,4156,5626,4526,4927,4908,5664,6126,6383,4817,4676,5723,2555,5392,6482,5565,6108,5739,5508,5616,6311,6106,3500,5836,3529,4329,5036,4110,3006,4772,5320,6258,5984,3811,5296,6230,4923,6208,4928,3997,4785,4191,6040,4239,6141,4928,5847,5708,6201,4904,6080,5263,4270,4309,5620,4110,5380,4469,4921,4023,6412,4224,3127,5568,5810,4592,6243,3528,5041,5879,5251,4636,5872,6216,5078,4515,5946,6088,3558,4714,6035,5525,5088,6098,5649,5001,2993,5647,5047,3804,3999,3895,3679,4160,4946,3751,4080
128.0000,5500.5700,4552,4120,4703,6547,4858,6288,5191,5490,5603,6184,6638,6038,5406,5237,6349,3198,5921,6355,6053,6199,6276,5714,6227,6211,6300,4133,6320,4074,4955,5758,4819,3582,5356,5866,6425,6034,4457,5756,6386,5703,5914,5630,4713,5430,4967,6592,5014,6283,5552,6138,6174,6424,5249,5838,6136,5031,5067,6171,4824,5919,5154,5432,4719,6754,5032,3741,6167,5946,5327,6189,4234,5494,6232,5470,5395,5938,6486,5645,5129,6261,6438,4340,5341,6487,6147,5917,6050,5504,5708,3603,5794,5566,4473,4656,4689,4293,4943,5825,4422,4768
129.0000,5816.1300,5305,4792,5275,6842,5525,6676,5752,5799,6043,6384,6823,5448,5755,5567,6581,3823,6114,5958,6155,6037,6569,5579,6647,5799,6097,4891,6551,4670,5535,6268,5455,4214,5720,6246,6260,5826,5066,5903,6173,6398,5391,6033,5326,6031,5652,6861,5648,6075,6007,6147,6270,6432,5258,5442,6716,5758,5726,6296,5707,6135,5788,5884,5356,6764,5861,4479,6600,5886,5879,5871,4927,5644,6316,5516,6106,5655,6434,5913,5747,6280,6458,5087,5801,6582,6408,6496,5681,5017,6345,4151,5634,5919,5015,5427,5431,4979,5634,6534,5196,5480
130.0000,5891.9500,6027,5362,5627,6741,6005,6682,5949,5786,6254,6184,6592,4699,5729,5606,6472,4572,6028,5343,5957,5569,6500,5154,6813,5124,5645,5575,6467,5066,6020,6495,5858,4902,5888,6327,5820,5337,5540,5699,5670,6661,4641,6077,5668,6339,6172,6676,6055,5653,6070,5859,5991,6077,4995,4779,7101,6354,6380,6173,6346,6149,6169,6041,5848,6486,6456,5232,6773,5437,6176,5248,5615,5457,6094,5301,6527,5150,6029,5889,6009,5993,6125,5866,5939,6336,6283,6893,5088,4411,6701,4783,5191,5898,5343,5997,6062,5561,6245,6972,6001,6270
131.0000,5714.9000,6459,5855,5674,6301,6162,6447,5877,5518,6130,5700,6035,3923,5428,5310,6087,5376,5619,4611,5496,4870,6149,4490,6603,4421,4997,6087,6137,5193,6118,6465,6022,5432,5670,5993,5130,4643,5895,5251,4973,6744,3845,5857,5667,6368,6485,6208,6194,4995,5898,5268,5423,5459,4429,4094,7048,6603,6643,5707,6840,5740,6126,5841,6126,5960,6622,5867,6598,4783,6179,4522,6125,5031,5581,4749,6545,4476,5466,5645,6038,5430,5475,6556,5750,5858,5949,6812,4347,3738,6685,5311,4562,5480,5437,6248,6416,5932,6802,7140,6476,6744
132.0000,5313.7300,6514,6112,5405,5631,5969,5916,5538,4949,5578,4985,5344,3220,4827,4715,5406,6077,4932,3812,4824,4124,5497,3781,6149,3661,4282,6227,5431,5019,5970,6170,5863,5743,5145,5364,4398,3898,5892,4613,4272,6521,3041,5347,5535,6097,6530,5497,5972,4218,5438,4485,4723,4711,3766,3364,6743,6597,6525,5043,7045,5144,5890,5363,5982,5235,6508,6332,6084,4061,5923,3772,6406,4317,4905,4055,6218,3709,4720,5007,5753,4678,4736,6876,5253,5226,5339,6439,3628,3082,6418,5673,3835,4921,5225,6254,6508,6083,6893,7029,6508,6934
133.0000,4756.4800,6251,6044,4915,4846,5467,5193,4941,4270,4877,4262,4578,2492,4168,4003,4648,6547,4199,3098,4137,3412,4645,3111,5385,2986,3595,6096,4683,4542,5518,5600,5419,5669,4448,4653,3657,3155,5590,3898,3576,5903,2352,4662,5068,5635,6190,4741,5517,3488,4772,3725,4003,4013,3056,2732,6165,6169,6258,4274,6891,4468,5321,4613,5551,4477,6055,6491,5389,3344,5401,2986,6313,3614,4176,3358,5656,3037,4000,4287,5118,3963,4010,6828,4594,4518,4613,5795,2927,2412,5830,5725,3129,4215,4708,5977,6255,5915,6689,6568,6326,6808
134.0000,4103.4800,5698,5636,4189,4026,4748,4415,4197,3540,4137,3543,3838,1830,3470,3284,3912,6718,3484,2410,3447,2738,3942,2437,4588,2327,2907,5711,3927,3876,4818,4883,4772,5354,3666,3923,2940,2451,5046,3185,2867,5141,1703,3959,4415,4909,5575,3955,4766,2802,4034,3037,3273,3276,2398,2033,5442,5529,5646,3571,6420,3685,4547,3905,4879,3774,5342,6372,4592,2665,4636,2337,5933,2965,3466,2724,4881,2427,3288,3546,4393,3271,3293,6576,3866,3757,3929,5049,2219,1827,5078,5398,2494,3511,4017,5443,5713,5478,6191,5895,5900,6322
135.0000,3420.0000,4969,5025,3464,3322,3994,3695,3504,2792,3442,2858,3054,1257,2828,2677,3204,6501,2844,1762,2747,2086,3224,1848,3787,1710,2224,5045,3195,3228,4098,4113,4086,4699,2949,3304,2298,1858,4285,2516,2219,4365,1112,3238,3648,4193,4811,3205,4022,2131,3305,2351,2594,2610,1759,1416,4730,4816,4931,2878,5765,3016,3741,3215,4114,3088,4562,5878,3873,2016,3934,1716,5276,2273,2770,2042,4084,1808,2582,2833,3662,2597,2585,6013,3151,3060,3252,4312,1582,1258,4279,4809,1870,2804,3297,4696,5014,4794,5452,5145,5297,5659
136.0000,2749.3100,4242,4293,2729,2641,3300,2973,2811,2198,2651,2220,2365,768,2194,2020,2553,6047,2197,1152,2063,1514,2520,1275,3048,1168,1619,4317,2500,2567,3387,3446,3368,4023,2265,2616,1652,1261,3548,1901,1611,3652,628,2596,2990,3459,4088,2543,3352,1555,2607,1742,1916,1945,1206,866,3987,4053,4172,2184,4978,2322,3048,2540,3381,2385,3839,5149,3141,1421,3213,1146,4501,1709,2095,1462,3412,1279,1925,2170,2979,1963,1969,5183,2496,2356,2600,3527,1015,790,3541,4081,1285,2150,2575,3963,4244,4041,4645,4364,4551,4933
137.0000,2118.7200,3530,3538,2035,1925,2646,2248,2143,1603,2013,1589,1756,411,1573,1471,1887,5354,1563,654,1466,946,1883,751,2413,715,1035,3560,1832,1966,2705,2754,2644,3357,1649,1977,1084,758,2874,1289,1062,2900,379,1939,2339,2736,3322,1889,2695,1036,1911,1135,1356,1338,727,493,3264,3317,3482,1569,4167,1710,2362,1925,2676,1776,3105,4381,2393,916,2573,684,3784,1186,1509,918,2709,774,1313,1521,2326,1369,1384,4434,1847,1719,1999,2858,558,417,2851,3367,821,1533,1936,3244,3503,3338,3892,3611,3796,4201
138.0000,1560.8200,2867,2813,1398,1330,2023,1570,1518,1089,1413,1048,1169,281,1016,950,1313,4611,978,369,955,520,1297,404,1774,424,574,2857,1248,1388,2071,2015,1968,2678,1087,1435,619,389,2279,834,631,2230,391,1381,1708,2069,2598,1305,2069,618,1311,664,846,819,412,312,2595,2606,2763,1009,3457,1140,1706,1356,1963,1265,2393,3654,1798,513,1876,442,3032,747,963,531,2048,437,796,989,1741,841,881,3650,1270,1132,1414,2177,351,219,2135,2714,430,995,1351,2554,2850,2640,3192,2901,3132,3497
139.0000,1106.0100,2181,2142,863,834,1413,1003,972,654,877,580,728,435,597,538,829,3825,601,311,539,324,815,316,1206,386,328,2206,778,876,1467,1394,1376,2009,636,908,359,271,1682,471,368,1604,648,872,1144,1458,1910,759,1484,362,819,464,472,435,222,401,1934,1945,2073,597,2738,689,1169,834,1371,771,1746,2927,1223,338,1262,461,2333,394,554,288,1474,386,454,563,1187,479,520,2902,738,680,927,1560,404,224,1468,2036,302,591,859,1944,2153,1979,2458,2229,2444,2841
140.0000,799.2900,1588,1527,469,541,911,591,556,364,527,428,463,770,321,319,503,3017,384,530,322,368,537,386,712,569,405,1628,479,505,953,846,879,1458,456,499,345,368,1143,404,376,1033,1061,480,695,914,1278,434,987,343,512,447,423,354,281,646,1279,1345,1479,378,2074,436,710,414,867,430,1118,2252,755,464,789,666,1700,318,408,271,940,519,361,386,725,308,381,2231,410,421,476,1032,639,342,957,1427,453,360,484,1306,1551,1355,1827,1556,1809,2185
141.0000,658.0000,1029,1026,330,494,532,450,286,318,405,549,508,1208,372,269,361,2290,505,821,355,580,458,626,398,934,659,1081,377,346,563,517,505,968,496,311,599,647,677,526,582,589,1517,371,416,475,779,314,546,528,407,690,540,567,494,1047,769,882,907,387,1434,386,373,253,502,307,683,1607,426,716,437,1035,1104,420,493,459,584,816,476,390,351,362,512,1559,279,455,252,581,971,623,592,911,745,418,352,842,963,867,1269,1044,1188,1580
142.0000,688.7500,578,639,443,635,384,557,279,448,601,798,819,1627,625,511,539,1614,821,1234,608,918,685,970,330,1277,1059,634,572,401,385,366,359,524,785,402,915,930,330,785,965,352,1981,531,368,298,462,520,282,816,516,1074,778,926,789,1443,423,525,510,623,904,625,372,324,448,421,485,1026,355,1065,312,1457,650,676,809,754,358,1176,759,657,273,559,736,1021,494,677,286,290,1379,960,454,495,1170,704,454,504,547,510,807,600,703,1050
143.0000,886.7300,381,451,689,949,536,883,472,731,861,1161,1317,2280,969,905,875,1078,1148,1576,953,1366,1043,1452,555,1745,1537,354,910,641,390,533,468,295,1234,617,1334,1373,250,1130,1410,426,2566,869,570,398,430,836,239,1208,783,1507,1203,1320,1238,1849,344,508,350,1061,538,997,602,640,662,665,524,594,652,1554,460,1926,393,986,1169,1144,401,1633,1145,1053,407,868,1128,611,820,1031,531,329,1890,1433,561,276,1697,1079,717,409,351,378,549,363,342,608
144.0000,1213.3200,437,510,1106,1301,839,1214,772,1069,1284,1620,1768,2879,1402,1345,1302,674,1538,2028,1419,1752,1495,1951,878,2235,2009,393,1303,977,622,822,777,314,1728,1032,1818,1864,384,1601,1944,753,3204,1310,875,713,639,1258,467,1685,1126,2024,1772,1762,1697,2388,466,722,442,1524,500,1484,921,1064,1026,1094,846,403,1048,2063,736,2506,453,1396,1615,1561,630,2131,1580,1492,674,1272,1565,447,1210,1478,889,597,2460,1895,870,339,2253,1489,1085,549,464,475,524,397,259,359
145.0000,1632.2700,648,744,1569,1663,1259,1714,1094,1475,1832,2143,2314,3484,1855,1756,1764,530,2064,2574,1990,2237,1959,2403,1323,2782,2619,665,1780,1413,887,1216,1151,562,2295,1428,2326,2380,728,2152,2519,1158,3887,1780,1395,1144,917,1740,824,2185,1544,2543,2339,2203,2224,2940,715,1111,755,2035,694,1978,1334,1618,1469,1453,1173,525,1521,2544,1111,3081,694,1802,2074,2003,1045,2743,2126,1908,1134,1731,2079,481,1728,1934,1288,893,3123,2444,1266,599,2810,1949,1528,849,821,780,755,656,425,322
146.0000,2127.9900,979,1063,2013,2132,1688,2175,1474,1981,2467,2619,2868,4124,2459,2278,2251,722,2572,3098,2502,2817,2471,2999,1833,3368,3149,1002,2296,1897,1380,1718,1657,906,2954,1851,2836,2936,1154,2713,3196,1654,4609,2364,1855,1586,1343,2287,1285,2711,2034,3162,2868,2700,2769,3533,1112,1550,1188,2658,1028,2523,1872,2260,2030,1866,1671,819,2110,3062,1554,3738,1037,2286,2615,2603,1462,3405,2760,2465,1655,2254,2589,719,2274,2611,1680,1328,3764,3036,1795,1032,3451,2492,1981,1242,1292,1125,1180,973,735,559
147.0000,2678.2100,1355,1473,2578,2602,2317,2724,1977,2537,3094,3140,3615,4867,3078,2873,2808,1067,3202,3701,3102,3454,3004,3557,2443,3977,3818,1591,2882,2471,1879,2230,2152,1286,3542,2314,3393,3563,1632,3368,3801,2259,5404,2924,2307,2128,1818,2817,1830,3358,2636,3821,3509,3161,3395,4138,1550,1961,1644,3305,1442,3060,2444,2848,2651,2305,2075,1195,2672,3665,1986,4483,1469,2907,3257,3181,1942,4077,3308,2938,2128,2908,3064,1042,2873,3199,2250,1795,4476,3694,2250,1589,4215,3070,2534,1764,1843,1654,1664,1380,1188,904
148.0000,3267.1200,1775,2063,3130,3157,2869,3338,2475,3077,3722,3777,4231,5695,3712,3485,3394,1471,3920,4384,3840,4140,3674,4281,3068,4600,4456,2206,3489,3026,2376,2709,2681,1709,4216,2812,4192,4213,2118,4053,4608,2763,5955,3544,2913,2682,2316,3406,2310,4025,3229,4432,4326,3678,4032,4768,2079,2558,2132,3954,1917,3727,3041,3378,3271,2880,2641,1660,3273,4309,2452,5226,1968,3560,3801,3836,2518,4836,3885,3457,2627,3557,3654,1467,3411,3834,2841,2280,5264,4285,2828,2163,4884,3687,3091,2324,2477,2193,2126,1885,1643,1311
149.0000,3877.5500,2245,2590,3806,3782,3518,4024,3053,3592,4320,4551,4935,6401,4456,4158,3910,1941,4695,5094,4444,4841,4281,4974,3579,5212,5212,2808,4059,3662,2867,3239,3287,2189,4773,3344,4884,4912,2658,4746,5325,3397,6330,4191,3467,3226,2862,4003,2890,4803,3850,5106,5066,4206,4759,5299,2596,3211,2533,4618,2361,4390,3647,4075,3817,3502,3263,2175,3991,4976,2986,5835,2502,4267,4457,4374,3057,5598,4527,4017,3147,4142,4303,1993,4092,4514,3401,2857,5850,4862,3483,2826,5655,4353,3708,2879,3141,2897,2681,2506,2197,1671
150.0000,4501.0500,2827,3297,4417,4509,4109,4687,3561,4365,5020,5328,5670,6757,5335,4857,4548,2438,5316,5657,5240,5519,4969,5689,4253,5690,5920,3437,4729,4308,3410,3805,3980,2701,5416,3939,5494,5585,3267,5497,5992,4067,6408,4709,4210,3863,3413,4645,3401,5562,4589,5645,5719,4813,5461,5603,3214,3763,3126,5432,2857,5102,4344,4679,4563,4166,3832,2741,4688,5487,3524,6210,3103,4948,5210,4944,3644,6202,5081,4564,3750,4855,5123,2532,4890,5301,4036,3471,6329,5319,4060,3443,6316,5013,4453,3464,3760,3548,3395,3106,2763,2108
151.0000,5075.8600,3449,3940,5166,5202,4833,5335,4273,4982,5658,6019,6293,6837,5917,5537,5156,2987,5988,5842,5865,5930,5589,6215,4990,5909,6420,4150,5423,5094,4027,4406,4712,3301,5874,4604,5770,6105,3890,6115,6429,4755,6247,5292,5006,4521,4024,5379,4128,6055,5279,5915,6142,5224,6106,5652,3876,4405,3647,6075,3412,5772,5112,5476,5216,4832,4465,3342,5345,5842,4071,6261,3676,5420,5789,5332,4398,6471,5685,5068,4294,5637,5902,3100,5434,6029,4749,4301,6467,5506,4776,4088,6708,5637,5125,4175,4452,4275,4119,3858,3371,2638
152.0000,5526.8500,4087,4593,5704,5702,5545,5769,4927,5469,6037,6627,6662,6681,6360,6038,5657,3443,6434,5784,6344,5994,6020,6405,5594,5826,6606,4907,6000,5698,4686,5034,5417,3903,6057,5310,5880,6262,4549,6433,6557,5511,5765,5721,5869,5274,4785,5946,4902,6251,5959,5921,6286,5358,6643,5421,4549,5084,4267,6496,4057,6230,5643,5960,5905,5464,5086,3916,5773,5888,4696,5942,4364,5662,6159,5521,5174,6330,5982,5377,4884,6213,6395,3828,5964,6459,5247,4985,6335,5402,5644,4737,6756,5935,5799,4947,5198,5031,4829,4654,4006,3299
153.0000,5795.7700,4788,5222,6095,6079,6110,5898,5566,5868,6152,6852,6748,6188,6496,6197,5981,4007,6615,5396,6496,5818,6264,6164,5973,5355,6452,5666,6330,5991,5134,5412,6192,4616,5935,5869,5587,6116,5293,6465,6347,6117,5027,5927,6525,5894,5597,6323,5507,6246,6382,5670,6102,5236,6825,4943,5354,5701,4878,6647,4682,6377,5939,6225,6295,5940,5761,4535,6015,5630,5258,5422,5182,5568,6266,5370,5767,5881,5926,5337,5474,6442,6634,4488,6159,6574,5662,5567,5868,5068,6274,5318,6548,5984,6411,5681,5964,5735,5458,5518,4687,4053
154.0000,5834.4500,5584,5799,6122,6026,6362,5758,5933,5826,5986,6685,6524,5463,6359,5985,5898,4641,6402,4780,6334,5310,6135,5668,5979,4639,6054,6235,6260,6008,5412,5639,6538,5348,5472,6244,5049,5657,5901,6232,5842,6579,4316,5726,6941,6306,6269,6352,5933,5882,6458,5136,5621,4876,6625,4255,5979,6104,5564,6414,5479,6236,5974,6174,6451,6219,6140,5286,5903,4973,5842,4717,5875,5168,6028,4896,6178,5208,5508,5056,5859,6401,6469,5205,6078,6497,5790,6065,5207,4548,6696,5842,6069,5683,6735,6172,6721,6234,6048,6205,5339,4846
155.0000,5629.5000,6086,6168,5856,5691,6315,5274,6081,5516,5542,6266,6023,4691,5884,5559,5505,5233,5938,4079,5906,4637,5719,5004,5767,3891,5417,6534,5904,5782,5404,5533,6707,5823,4739,6255,4383,4898,6291,5665,5098,6743,3555,5258,7058,6498,6578,6104,6047,5217,6300,4377,4978,4229,6207,3538,6313,6257,6078,5833,6077,5810,5677,5905,6324,6157,6280,5855,5524,4284,6050,3951,6408,4525,5494,4239,6199,4456,4882,4474,5866,6026,5997,5790,5643,6008,5575,6324,4439,3803,6752,6077,5352,5140,6720,6332,7118,6533,6456,6723,5918,5555
156.0000,5212.8600,6242,6214,5267,5106,5980,4599,5827,4975,4848,5602,5337,3888,5174,4860,4833,5800,5307,3330,5221,3905,5054,4215,5255,3176,4610,6504,5302,5218,5043,5180,6484,5973,4000,5908,3598,4152,6429,4924,4337,6552,2845,4628,6762,6288,6707,5518,5862,4496,5838,3593,4283,3527,5503,2873,6339,6069,6233,5105,6382,5145,5109,5307,5866,5725,5973,6376,4870,3590,5969,3222,6724,3782,4776,3543,5990,3740,4140,3774,5594,5346,5299,6168,4999,5363,5129,6299,3707,3005,6514,6068,4591,4469,6453,6191,7231,6421,6495,6883,6161,6199
157.0000,4653.2100,6087,5927,4555,4399,5354,3905,5307,4264,4095,4884,4566,3118,4415,4133,4111,6070,4613,2643,4447,3258,4250,3468,4523,2471,3877,6137,4596,4492,4461,4623,5988,5898,3300,5222,2895,3423,6294,4095,3642,6108,2195,3866,6170,5840,6474,4797,5354,3743,5097,2925,3603,2853,4751,2201,6029,5613,6113,4384,6354,4378,4406,4562,5225,5091,5419,6513,4082,2903,5584,2581,6663,3043,4071,2839,5518,3065,3487,3047,5062,4626,4559,6295,4259,4605,4450,5934,3009,2314,5942,5633,3871,3756,5823,5806,7025,6037,6277,6712,6064,6509
158.0000,4007.8700,5680,5386,3793,3687,4620,3238,4624,3523,3363,4172,3820,2419,3668,3426,3394,6055,3843,2008,3705,2568,3507,2808,3828,1861,3137,5495,3837,3759,3779,3924,5287,5474,2605,4537,2227,2764,5789,3391,2945,5393,1559,3155,5485,5141,5967,4104,4670,3070,4330,2245,2925,2189,4020,1592,5397,4967,5645,3650,6055,3594,3716,3835,4399,4390,4746,6289,3356,2297,5020,1930,6204,2391,3334,2187,4803,2344,2825,2393,4351,3934,3803,6061,3509,3886,3680,5293,2348,1604,5217,4977,3184,3044,5071,5140,6567,5427,5787,6262,5673,6411
159.0000,3326.7200,4998,4709,3078,3011,3861,2618,3887,2850,2704,3445,3128,1758,2983,2667,2673,5728,3131,1414,3019,1895,2804,2150,3077,1329,2416,4749,3091,3063,3064,3235,4464,4859,1927,3766,1590,2127,5102,2726,2276,4658,1027,2490,4727,4344,5222,3426,3909,2361,3614,1606,2298,1560,3300,1026,4668,4205,4989,2931,5463,2854,2987,3113,3605,3642,4045,5775,2670,1688,4333,1328,5537,1738,2598,1542,4133,1721,2197,1762,3653,3205,3042,5577,2844,3142,2965,4575,1657,1095,4468,4188,2477,2359,4298,4409,5757,4684,5070,5573,5107,6063
160.0000,2663.9500,4261,3960,2360,2337,3159,1998,3193,2190,2082,2805,2411,1134,2336,1998,2004,5127,2399,906,2325,1332,2186,1564,2424,835,1772,3994,2403,2381,2380,2542,3723,4117,1329,3050,1038,1529,4370,2103,1664,3911,610,1834,3929,3564,4495,2763,3161,1731,2909,1043,1695,993,2545,587,3993,3467,4257,2243,4733,2209,2332,2401,2870,2937,3310,5027,2037,1164,3680,799,4820,1202,1935,1024,3386,1165,1579,1225,2887,2527,2383,4892,2177,2453,2231,3883,1057,661,3724,3499,1875,1698,3553,3670,4993,3913,4309,4839,4368,5517
161.0000,2046.4400,3569,3256,1718,1705,2495,1394,2523,1613,1486,2191,1741,667,1734,1427,1384,4380,1773,550,1673,803,1587,1032,1757,463,1174,3255,1777,1711,1783,1906,2996,3390,804,2405,554,1032,3613,1485,1103,3166,409,1228,3212,2847,3757,2107,2425,1161,2202,616,1158,570,1889,363,3226,2748,3526,1599,3953,1581,1708,1767,2181,2313,2641,4177,1408,692,3024,421,4058,760,1287,591,2682,705,1033,764,2214,1886,1731,4155,1649,1821,1622,3161,591,445,3050,2789,1258,1160,2835,2942,4221,3179,3570,4131,3626,4744
162.0000,1512.0000,2872,2599,1156,1152,1863,899,1851,1084,978,1613,1184,388,1213,914,877,3654,1208,381,1063,459,1072,603,1193,315,663,2561,1176,1149,1222,1312,2304,2741,453,1804,292,604,2923,921,661,2478,424,783,2521,2205,3056,1495,1779,673,1608,416,661,309,1312,361,2545,2080,2801,996,3229,1065,1145,1154,1498,1682,1995,3428,864,355,2424,299,3312,447,825,315,2059,395,605,446,1583,1355,1156,3453,1041,1229,1077,2488,383,471,2376,2136,750,735,2114,2255,3456,2499,2848,3444,2906,4023
163.0000,1090.2000,2185,1964,728,701,1249,527,1267,633,587,1035,719,367,736,512,513,2939,700,440,611,328,647,390,733,462,365,1901,718,668,769,792,1632,2091,381,1243,324,381,2205,509,332,1825,630,453,1943,1625,2371,980,1188,411,1069,451,402,388,790,560,1911,1466,2163,562,2523,611,650,696,1002,1114,1409,2705,556,223,1809,421,2574,366,474,347,1457,390,315,351,1062,817,672,2705,583,690,636,1814,449,741,1775,1533,406,444,1522,1636,2719,1835,2217,2747,2248,3304
164.0000,812.7200,1509,1355,475,394,725,326,782,328,376,602,434,584,362,397,407,2278,444,667,359,452,360,405,469,752,284,1348,456,416,458,437,1097,1494,553,786,583,359,1601,368,277,1234,985,418,1372,1021,1746,586,669,384,662,680,358,570,450,874,1300,942,1533,347,1836,357,337,475,593,641,932,2038,379,376,1262,683,1861,556,350,561,927,637,217,462,661,485,360,1980,300,430,411,1235,753,1150,1177,1013,273,398,970,1065,2001,1250,1603,2102,1645,2640
165.0000,700.6500,991,818,448,421,423,402,432,267,427,356,405,879,278,486,580,1660,429,1088,338,694,298,636,399,1151,492,824,497,379,368,293,662,971,884,487,927,579,1031,467,417,791,1351,576,844,558,1186,368,373,634,403,1034,574,943,315,1299,801,582,992,438,1237,351,261,552,422,341,531,1370,483,641,758,1147,1270,886,544,810,545,989,338,786,389,351,265,1327,359,491,462,727,1123,1567,681,596,448,535,535,595,1391,734,1011,1488,1084,1998
166.0000,751.9400,578,426,639,677,411,717,384,429,613,374,653,1227,414,797,926,1120,679,1456,529,1055,465,968,550,1647,808,447,673,557,498,378,430,527,1246,381,1345,911,604,733,644,548,1808,922,463,309,672,422,355,1017,428,1455,949,1435,405,1750,438,440,557,665,701,587,414,857,456,247,323,866,810,971,394,1625,755,1252,922,1244,391,1361,545,1218,378,468,480,788,598,801,667,460,1616,2029,391,450,729,804,376,398,936,409,552,973,595,1403
167.0000,948.1600,330,252,933,1022,623,999,549,711,999,652,971,1695,714,1194,1321,698,974,1996,897,1485,825,1368,769,2233,1180,359,1046,829,742,622,449,310,1782,514,1835,1324,355,1135,1000,521,2288,1339,369,336,376,651,592,1431,695,1917,1394,1904,663,2225,277,554,328,1002,430,908,711,1205,746,389,328,565,1176,1393,218,2071,451,1678,1398,1634,427,1849,883,1625,588,729,800,498,901,1135,1037,451,2107,2556,395,625,1176,1156,468,484,524,423,390,500,344,890
168.0000,1281.3300,383,353,1372,1467,923,1376,946,1084,1459,1022,1456,2147,1062,1737,1861,443,1448,2606,1304,1948,1224,1880,1168,2802,1604,524,1448,1197,1130,1042,626,306,2292,803,2420,1769,393,1584,1422,734,2849,1809,512,540,380,1052,977,2040,1049,2561,1878,2453,1021,2758,366,824,393,1386,417,1397,1120,1692,1151,607,532,464,1663,1901,292,2516,414,2133,1912,2136,656,2437,1263,2108,979,1133,1206,395,1433,1604,1512,677,2623,3091,607,970,1637,1647,751,707,444,650,506,313,347,477
169.0000,1711.8900,591,686,1954,1970,1346,1831,1319,1512,1970,1459,1858,2657,1557,2250,2558,368,1985,3219,1761,2348,1699,2357,1582,3422,2109,872,1999,1606,1575,1489,909,440,2911,1180,3065,2289,632,2072,1922,999,3578,2335,834,890,622,1478,1375,2568,1468,3116,2392,3052,1429,3347,618,1240,615,1947,655,1934,1601,2233,1642,906,857,639,2202,2499,485,2963,638,2730,2558,2801,1072,3128,1707,2601,1509,1661,1716,525,1853,2134,2006,1093,3217,3709,894,1478,2183,2165,1172,1105,613,954,849,419,553,298
170.0000,2213.6300,967,1070,2511,2519,1808,2348,1780,2063,2535,1982,2266,3255,2020,2802,3199,539,2584,3931,2224,2971,2243,2897,2167,4101,2550,1321,2556,2084,2012,2096,1342,730,3526,1683,3719,2788,977,2559,2418,1379,4276,2883,1240,1323,1056,2016,1861,3078,1976,3634,2948,3690,1922,3959,1030,1695,1003,2457,1006,2628,2170,2803,2171,1322,1352,968,2844,3065,837,3604,1021,3416,3219,3294,1485,3783,2205,3165,2063,2092,2348,873,2325,2705,2509,1573,3864,4472,1298,1975,2732,2754,1661,1611,974,1370,1259,717,880,381
171.0000,2763.3800,1391,1560,3070,3054,2281,2849,2238,2599,3234,2539,2787,3905,2582,3439,3731,871,3220,4567,2702,3739,2850,3491,2745,4814,3096,1910,3250,2601,2475,2682,1847,1187,4176,2301,4358,3324,1375,3124,2939,1862,4968,3536,1644,1800,1521,2556,2391,3758,2493,4215,3511,4359,2469,4654,1569,2168,1415,2903,1413,3232,2705,3434,2687,1850,1780,1430,3414,3787,1197,4193,1463,4127,3893,3914,1909,4583,2763,3756,2636,2616,2918,1272,2883,3328,3074,2096,4657,5198,1734,2585,3364,3511,2139,2053,1432,1798,1767,1071,1325,656
172.0000,3358.7400,1918,2092,3653,3636,2824,3418,2719,3195,3965,3150,3364,4567,3104,4008,4398,1284,3967,5305,3264,4469,3528,4073,3281,5430,3673,2532,3892,3092,2961,3232,2421,1672,4949,2982,5109,4040,1903,3766,3470,2417,5601,4201,2108,2278,1987,3046,3028,4450,3015,4828,4141,4975,3066,5296,2222,2709,1823,3483,1941,3823,3403,4130,3260,2411,2311,1979,4000,4551,1671,4863,1968,4840,4527,4494,2497,5318,3470,4473,3194,3285,3539,1805,3459,4077,3812,2618,5393,5827,2127,3215,4124,4195,2691,2526,1934,2322,2359,1594,1817,1051
173.0000,3971.6100,2468,2669,4344,4344,3409,4068,3271,3773,4708,3771,4027,5202,3664,4672,5114,1701,4732,5826,3804,5170,4134,4668,3926,5833,4336,3015,4595,3727,3523,3898,3031,2132,5693,3656,5712,4764,2474,4459,4105,2992,5924,4953,2584,2858,2467,3690,3618,5156,3714,5344,4877,5538,3756,5829,2843,3354,2357,4157,2442,4494,4006,4790,3782,3009,2781,2572,4666,5238,2172,5604,2537,5568,5300,5095,3192,6039,4247,5153,3796,3985,4242,2286,4139,4785,4590,3183,5983,6298,2661,3755,4874,4898,3316,3136,2432,2853,2896,2133,2369,1435
174.0000,4571.9400,2930,3307,5055,5121,4084,4785,3901,4404,5551,4463,4745,5669,4184,5339,5805,2352,5540,6064,4428,5772,4908,5319,4604,5934,4955,3640,5307,4331,4108,4552,3682,2678,6374,4367,6112,5432,3090,5222,4767,3567,6096,5550,3207,3529,3103,4374,4222,5847,4499,5654,5577,5894,4378,5968,3455,3936,2896,4829,2998,5265,4676,5446,4413,3618,3416,3212,5244,5962,2794,6014,3279,6113,5795,5444,3865,6488,4823,5684,4448,4733,4902,2814,4969,5569,5387,3814,6231,6376,3190,4466,5525,5627,4005,3763,2936,3449,3480,2697,2894,1908
175.0000,5104.1100,3586,4017,5663,5738,4791,5346,4556,5093,6349,5142,5371,5990,4837,5939,6340,2886,6269,5976,5101,6180,5623,5776,5184,5824,5430,4364,5934,4980,4691,5326,4297,3308,6760,5100,6260,5894,3605,5784,5315,4197,5861,5961,3763,4210,3756,5070,4873,6206,5279,5759,6099,5961,5018,5822,4043,4539,3429,5447,3702,6012,5260,5984,5045,4247,3961,3875,5718,6381,3415,6210,3879,6334,6151,5639,4449,6666,5424,5939,5154,5486,5579,3457,5726,6082,6136,4606,6318,6225,3812,5108,6087,6213,4711,4333,3616,4071,4139,3416,3473,2454
176.0000,5512.5800,4333,4769,6234,6118,5449,5762,5206,5613,6838,5774,5798,5901,5332,6347,6519,3466,6676,5572,5659,6350,6138,5974,5629,5371,5653,5111,6352,5498,5277,5887,5015,4002,6818,5698,6092,6148,4328,6182,5771,5023,5405,6026,4413,4916,4418,5601,5554,6338,5974,5558,6342,5719,5659,5428,4817,5198,4125,5900,4366,6531,5829,6270,5629,5069,4536,4579,5918,6494,4108,6074,4601,6182,6170,5432,5172,6510,5764,5973,5675,6131,5999,4150,6288,6365,6544,5383,5930,5704,4447,5868,6375,6456,5436,4952,4259,4820,4831,4141,4189,3034
177.0000,5731.0400,5124,5576,6390,6169,6002,5892,5680,5848,6946,6328,5870,5507,5779,6456,6351,4241,6772,4975,6018,6067,6391,5805,5724,4728,5612,5701,6477,5725,5606,6280,5732,4684,6550,6231,5626,5997,5056,6304,5853,5675,4741,5833,5157,5569,5171,5861,6065,6173,6473,5020,6259,5214,6109,4814,5646,5702,4833,6061,5025,6769,5991,6258,5926,5769,5137,5302,5817,6271,4904,5648,5374,5762,5887,4970,5891,6018,5843,5772,5994,6460,6192,4764,6460,6439,6713,6095,5424,5015,4910,6439,6254,6402,6113,5533,4888,5419,5492,4882,4790,3643
178.0000,5721.9400,5742,6151,6256,5905,6378,5686,5845,5726,6727,6513,5634,4826,5881,6296,5891,5005,6535,4231,6083,5575,6334,5371,5594,3973,5203,6087,6196,5629,5771,6389,6329,5355,6004,6472,4915,5664,5743,6090,5540,6259,4000,5348,5864,5909,5814,5897,6216,5698,6682,4306,5788,4472,6163,4109,6375,6039,5473,5905,5678,6645,5840,5907,5919,6146,5592,6158,5372,5740,5594,4997,6172,5086,5325,4284,6490,5385,5526,5233,5948,6463,6040,5420,6372,6183,6451,6449,4687,4282,5379,6636,5862,6035,6522,5737,5532,5860,5984,5558,5503,4340
179.0000,5499.5100,6150,6596,5851,5411,6304,5215,5756,5385,6232,6321,5136,4054,5631,5859,5236,5661,5947,3488,5806,4898,5933,4735,5127,3257,4605,6105,5627,5175,5665,6194,6638,5923,5235,6413,4169,5021,6259,5606,5021,6467,3274,4691,6440,6057,6199,5587,6045,4992,6623,3578,5104,3743,6023,3389,6833,6090,5971,5477,6077,6218,5379,5323,5631,6281,5809,6753,4805,5016,6059,4192,6761,4362,4612,3583,6737,4644,4947,4487,5629,6177,5606,5923,6020,5654,5911,6469,3980,3604,5649,6622,5298,5384,6654,5706,6090,6111,6279,6117,5994,5170
180.0000,5078.1100,6244,6582,5213,4726,5923,4624,5375,4719,5518,5867,4392,3333,5082,5173,4487,6163,5213,2776,5293,4161,5333,4032,4497,2584,3901,5842,4952,4445,5190,5706,6553,6083,4469,6021,3400,4262,6450,4903,4362,6398,2593,3980,6809,5855,6272,4996,5653,4213,6245,2900,4384,2982,5569,2751,6960,5833,6274,4825,6224,5533,4719,4641,5008,6069,5638,7044,4103,4263,6244,3489,7044,3642,3833,2888,6659,3912,4186,3749,5028,5612,4978,6110,5355,4921,5195,6190,3279,2873,5589,6285,4531,4622,6484,5367,6535,5965,6222,6493,6156,5792
181.0000,4519.9600,6018,6307,4419,4013,5339,3907,4691,3985,4714,5132,3658,2638,4373,4390,3735,6358,4439,2150,4560,3483,4574,3266,3746,1957,3157,5319,4238,3730,4481,4991,6134,6031,3709,5377,2690,3563,6306,4140,3667,6059,1966,3292,6809,5386,6000,4343,5032,3454,5612,2225,3617,2321,4877,2101,6756,5304,6173,4086,6050,4762,3932,3905,4340,5617,5222,6916,3400,3521,6032,2757,7013,2978,3124,2232,6319,3141,3527,3051,4321,4914,4246,5996,4597,4197,4448,5673,2645,2178,5252,5612,3754,3900,6006,4775,6641,5614,5878,6485,5990,6237
182.0000,3882.1500,5506,5842,3697,3307,4560,3203,3949,3229,3935,4382,2921,2009,3632,3669,3025,6192,3727,1484,3868,2797,3869,2567,3018,1363,2539,4602,3525,3043,3727,4270,5464,5613,3005,4583,2039,2914,5910,3457,3013,5440,1400,2665,6342,4734,5466,3633,4300,2721,4874,1593,2881,1701,4065,1529,6238,4601,5783,3373,5588,4058,3206,3183,3616,4941,4625,6499,2688,2835,5508,2046,6682,2299,2443,1585,5646,2463,2802,2354,3590,4176,3539,5663,3860,3485,3696,4962,2009,1520,4669,4850,3041,3205,5240,4067,6408,4996,5302,6196,5591,6289
183.0000,3210.6700,4829,5141,2967,2629,3870,2593,3181,2552,3221,3605,2260,1450,2933,2950,2304,5739,3083,910,3160,2157,3151,1901,2331,904,1822,3875,2795,2442,3077,3471,4701,4944,2327,3851,1396,2290,5188,2788,2340,4729,915,2041,5689,4081,4723,2950,3591,2052,4076,1008,2224,1140,3301,1003,5539,3834,5075,2749,4895,3290,2496,2490,2869,4208,3891,5873,1988,2180,4788,1389,6091,1660,1796,994,4889,1775,2120,1701,2879,3417,2789,5025,3229,2793,2992,4206,1434,986,3921,4122,2374,2520,4499,3341,5961,4227,4538,5648,4886,6049
184.0000,2561.0200,4089,4383,2287,1970,3151,1933,2458,1935,2479,2876,1625,907,2285,2276,1626,5127,2428,502,2455,1553,2520,1347,1709,548,1286,3153,2101,1836,2454,2759,3965,4168,1680,3111,882,1638,4434,2138,1695,3991,551,1408,4921,3380,4016,2273,2903,1444,3319,595,1624,682,2628,556,4822,3135,4347,2074,4185,2586,1848,1803,2224,3484,3213,5070,1426,1552,4047,849,5275,1143,1258,580,4153,1222,1529,1151,2192,2707,2191,4261,2615,2096,2294,3466,911,596,3189,3366,1768,1917,3712,2674,5276,3525,3812,4931,4124,5443
185.0000,1962.4100,3394,3618,1672,1371,2471,1257,1872,1384,1866,2202,1045,549,1663,1689,1062,4386,1760,330,1805,1002,1868,847,1139,373,756,2486,1460,1249,1745,2093,3225,3375,1110,2367,541,1107,3745,1545,1124,3239,342,835,4130,2741,3296,1666,2221,901,2624,373,1068,392,1971,283,4067,2426,3644,1435,3485,1930,1268,1208,1607,2804,2534,4209,890,999,3366,528,4552,702,824,328,3436,699,975,706,1560,2101,1597,3505,1965,1500,1630,2789,507,310,2514,2665,1200,1307,2975,2049,4526,2847,3107,4237,3403,4690
186.0000,1456.0600,2704,2872,1121,871,1824,792,1270,888,1248,1610,615,430,1093,1107,627,3645,1172,401,1204,580,1223,469,679,457,401,1833,966,762,1193,1536,2539,2722,688,1688,423,656,3051,1032,646,2492,338,477,3401,2065,2643,1147,1585,492,1943,423,641,410,1369,319,3352,1821,2924,907,2748,1310,776,737,1065,2166,1927,3465,553,618,2631,426,3799,382,473,379,2771,428,539,459,1019,1491,1060,2790,1358,918,1072,2114,304,299,1926,2003,748,794,2290,1456,3760,2166,2409,3564,2694,3932
187.0000,1067.8700,2061,2137,661,466,1239,483,768,514,741,1041,360,617,642,632,328,2909,690,625,726,359,751,303,404,715,238,1236,561,435,696,965,1917,2041,408,1145,544,402,2372,580,370,1863,521,295,2713,1508,1978,689,1059,360,1314,695,414,637,843,513,2631,1231,2292,481,2088,773,439,423,654,1505,1324,2664,457,393,1978,617,3099,322,376,581,2116,484,332,516,599,967,627,2158,869,557,637,1492,382,505,1344,1394,470,455,1664,945,3046,1551,1783,2856,2014,3212
188.0000,826.5600,1476,1538,361,284,758,355,443,272,404,605,328,995,390,402,286,2208,414,944,435,408,421,475,326,1094,318,741,359,235,385,545,1329,1409,443,656,833,354,1700,347,380,1257,792,365,2058,1002,1369,398,569,496,775,1054,423,933,484,884,1984,719,1663,267,1515,448,353,352,418,993,795,1980,661,416,1363,912,2447,472,561,886,1498,751,397,775,362,561,383,1530,499,414,376,942,611,878,827,895,443,303,1112,526,2350,1036,1246,2196,1471,2554
189.0000,755.1000,928,1002,352,351,439,483,323,340,283,386,600,1434,379,513,487,1597,425,1399,359,666,279,742,493,1581,575,444,424,286,293,365,871,938,707,398,1221,559,1129,384,552,823,1193,622,1441,574,875,328,307,765,443,1473,633,1283,366,1384,1393,334,1147,355,974,389,536,581,408,590,449,1345,968,619,869,1382,1777,771,887,1319,982,1194,683,1139,438,342,396,979,327,536,340,587,947,1361,432,591,704,453,674,310,1727,584,766,1563,945,1920
190.0000,834.2100,481,612,601,560,328,770,480,585,419,510,890,1898,604,751,801,1073,608,1946,586,1111,419,1107,794,2058,914,402,695,468,372,497,532,576,1063,398,1725,908,663,660,892,585,1635,994,947,305,524,502,288,1157,366,1925,988,1794,526,1986,832,234,681,596,583,584,798,902,564,375,228,869,1360,945,514,1950,1208,1122,1331,1800,560,1706,1084,1545,662,348,605,550,461,844,517,437,1353,1875,295,510,1027,732,415,338,1141,365,451,992,541,1312
191.0000,1053.8200,277,451,951,835,454,1148,852,872,744,808,1246,2448,874,1157,1124,689,985,2442,862,1588,723,1629,1194,2579,1384,602,1028,753,624,772,487,474,1485,628,2265,1320,382,1066,1282,576,2173,1443,526,301,296,797,545,1657,531,2430,1417,2374,804,2649,453,430,408,993,410,864,1159,1283,935,476,330,615,1814,1345,399,2473,737,1600,1705,2289,382,2245,1577,2007,963,593,975,348,714,1256,813,566,1811,2439,465,714,1515,1136,400,593,674,360,387,576,355,797
192.0000,1397.1500,294,610,1379,1280,768,1641,1273,1340,1108,1149,1730,3014,1322,1639,1618,479,1409,3001,1243,2199,1065,2073,1755,3058,1888,983,1447,1216,938,1164,637,601,1918,944,2855,1731,362,1530,1763,812,2771,1970,369,532,318,1186,930,2159,840,2909,2017,3004,1185,3279,357,825,374,1408,592,1227,1713,1850,1360,805,621,590,2359,1750,561,3097,428,2052,2203,2909,490,2883,2128,2551,1403,971,1351,363,1096,1700,1125,875,2348,2903,774,1049,2004,1566,594,1014,362,600,524,359,470,426
193.0000,1834.1300,453,857,1908,1677,1118,2148,1711,1901,1662,1583,2281,3640,1770,2136,2159,558,1900,3619,1767,2785,1539,2672,2270,3613,2376,1458,1921,1666,1293,1594,1022,913,2546,1353,3448,2158,540,2121,2314,1236,3448,2487,500,832,587,1682,1298,2745,1222,3454,2561,3536,1741,4000,517,1272,532,1955,964,1757,2156,2406,1963,1118,1019,897,2902,2279,883,3770,406,2512,2699,3523,834,3463,2644,3050,1831,1405,1856,617,1549,2230,1638,1266,2902,3527,1147,1506,2513,2110,968,1389,349,986,838,387,805,294
194.0000,2339.6700,734,1253,2375,2201,1552,2668,2188,2500,2267,2048,2887,4262,2274,2645,2673,876,2375,4264,2306,3365,2052,3168,2868,4326,3008,1899,2508,2136,1669,2107,1396,1348,3210,1898,4053,2673,899,2613,2868,1733,4055,3069,711,1159,961,2255,1870,3409,1712,4031,3106,4237,2238,4772,749,1747,843,2569,1370,2299,2787,3016,2538,1564,1468,1328,3628,2797,1282,4530,686,3089,3150,4196,1325,4088,3253,3683,2356,1897,2394,993,2075,2749,2195,1765,3437,4152,1679,2016,3022,2604,1487,1924,565,1443,1191,627,1236,445
195.0000,2892.9000,1095,1717,3021,2760,2011,3262,2756,3057,2849,2469,3487,4945,2846,3193,3359,1280,3000,4937,2947,4030,2636,3721,3439,5002,3680,2468,2984,2636,2096,2653,1834,1905,3732,2481,4728,3241,1291,3189,3421,2249,4759,3728,1025,1641,1383,2902,2438,4089,2145,4773,3669,4962,2808,5500,1179,2210,1261,3180,1835,2915,3497,3587,3079,1912,1936,1782,4354,3212,1774,5264,1071,3825,3673,4920,1857,4721,3936,4296,2886,2501,2989,1367,2673,3385,2792,2266,4134,4846,2184,2493,3657,3177,2012,2492,843,1944,1654,944,1793,753
196.0000,3482.1500,1508,2265,3650,3365,2520,3987,3337,3718,3474,3024,4098,5537,3439,3811,3934,1742,3650,5597,3602,4697,3171,4378,4044,5563,4348,2986,3522,3381,2532,3308,2345,2470,4431,3093,5387,3851,1739,3898,4137,2754,5333,4347,1396,2114,1817,3563,3030,4730,2705,5510,4396,5499,3433,6178,1575,2758,1715,3745,2408,3510,4100,4218,3661,2421,2478,2348,5118,3744,2280,5997,1523,4579,4213,5668,2371,5459,4607,4963,3457,3053,3646,1840,3334,3991,3401,2823,4898,5470,2799,3037,4354,3845,2589,3022,1234,2586,2120,1388,2333,1192
197.0000,4091.1700,1970,2789,4302,4064,3126,4770,3940,4312,4094,3694,4797,5968,4110,4492,4686,2174,4324,6109,4315,5452,3888,5124,4722,5786,5035,3604,4143,4108,3052,4005,2959,3037,5253,3735,5869,4670,2235,4686,4848,3316,5596,5041,1833,2748,2350,4173,3635,5501,3228,6114,5179,5905,4047,6509,2065,3359,2205,4414,2885,4224,4848,4934,4305,2935,3016,2895,5664,4396,2907,6621,2043,5307,4608,6097,2888,6073,5320,5603,4081,3745,4342,2385,4029,4754,4096,3438,5605,5959,3377,3677,4998,4567,3259,3631,1765,3209,2746,1865,2918,1637
198.0000,4675.8300,2542,3389,5094,4774,3834,5683,4730,5125,4813,4360,5458,5955,4821,5134,5420,2694,5103,6339,5176,6005,4562,5797,5387,5644,5729,4357,4815,4833,3627,4668,3572,3647,6053,4337,5984,5339,2839,5369,5598,3937,5602,5620,2347,3307,2933,4747,4314,6108,3832,6313,5817,6052,4759,6555,2624,4084,2733,5045,3386,5044,5593,5517,4965,3490,3657,3436,6069,5027,3376,7007,2627,5904,4736,6271,3533,6442,5973,5983,4806,4516,5072,3038,4752,5554,4782,4065,6087,6104,3993,4440,5570,5291,3879,4336,2314,4097,3352,2569,3511,2084
199.0000,5175.0200,3095,4058,5768,5300,4549,6506,5593,5743,5553,4980,6002,5723,5478,5699,6041,3257,5861,6180,5920,6414,5284,6219,5818,5235,6261,5062,5404,5433,4237,5364,4313,4296,6547,4954,5867,5950,3337,6064,6062,4623,5195,5903,2979,3968,3612,5345,5059,6479,4465,6358,6288,5769,5475,6284,3190,4722,3320,5516,4027,5789,6116,5827,5406,4146,4198,4103,6113,5526,4043,7102,3136,6268,4633,6083,4226,6511,6261,6162,5569,5298,5845,3688,5493,6081,5650,4769,6279,5948,4644,5237,6132,5767,4617,5028,2866,4910,3997,3146,4321,2564
200.0000,5537.0500,3786,4759,6125,5573,5294,7139,6265,6244,6221,5525,6258,5166,5986,6091,6383,3965,6480,5855,6581,6523,5827,6359,6019,4622,6549,5869,5793,5838,4891,5830,5016,4937,6710,5661,5414,6305,3840,6366,6291,5291,4625,5877,3569,4612,4327,5770,5634,6514,5142,6066,6574,5216,6095,5747,3803,5313,3950,5800,4591,6406,6295,5884,5564,4899,4906,4778,5802,5723,4751,6845,3734,6405,4304,5629,4936,6199,6241,6021,6012,5895,6307,4398,6118,6477,6319,5509,6237,5472,5420,6028,6331,5894,5546,5701,3436,5714,4780,3766,5097,3054
201.0000,5709.5600,4536,5384,6316,5553,5959,7464,6750,6438,6600,5870,6219,4454,6269,6209,6413,4666,6847,5264,6841,6294,6084,6036,5884,3880,6410,6488,5902,5947,5324,5971,5779,5603,6572,6184,4697,6311,4488,6360,6222,5929,3946,5588,4193,5199,5059,5897,6001,6233,5842,5528,6410,4542,6484,5058,4494,5676,4616,5851,5195,6750,6111,5691,5383,5535,5700,5421,5229,5635,5384,6284,4322,6075,3643,4957,5686,5616,5892,5558,6183,6400,6501,5136,6412,6534,6548,6096,5890,4820,6161,6653,6276,5792,6394,6166,4086,6405,5583,4394,5753,3672
202.0000,5673.2800,5331,5969,6231,5275,6471,7405,7021,6248,6741,5969,5770,3794,6163,6029,6070,5321,6895,4521,6789,5863,6008,5494,5465,3194,5926,6830,5751,5766,5427,5858,6370,6067,6095,6378,3925,6037,5139,5982,5821,6232,3259,4994,4867,5621,5795,5715,6133,5696,6269,4722,6041,3805,6553,4304,5177,5784,5358,5483,5566,6778,5690,5162,4889,5849,6266,6082,4511,5280,5965,5511,5073,5559,2938,4233,6214,4932,5292,4849,5936,6559,6350,5892,6459,6259,6483,6316,5230,4088,6689,7015,5927,5365,7093,6290,4761,6897,6230,5015,6200,4418
203.0000,5424.6700,5888,6176,5750,4719,6694,7061,6899,5746,6493,5687,5163,3139,5762,5587,5396,5940,6736,3740,6420,5187,5690,4777,4835,2544,5227,6822,5245,5215,5238,5440,6670,6269,5446,6202,3236,5478,5595,5439,5177,6304,2597,4252,5412,5842,6291,5287,5972,4956,6342,3953,5453,3082,6327,3550,5789,5607,5878,4933,5642,6559,5041,4466,4229,5899,6528,6529,3779,4657,6231,4701,5750,4861,2247,3506,6452,4177,4545,4079,5455,6393,5936,6492,6137,5735,6239,6209,4509,3338,6900,6970,5285,4740,7511,6107,5413,6991,6610,5578,6377,5109
204.0000,4996.9600,6275,5975,5101,4017,6466,6468,6499,5053,5972,5187,4415,2439,5075,4929,4691,6284,6147,3007,5869,4450,5069,4075,4067,1887,4511,6580,4555,4445,4753,4768,6696,6083,4681,5738,2498,4680,5894,4724,4409,6007,2016,3517,5654,5782,6396,4615,5531,4225,6139,3244,4747,2466,5787,2853,6116,5239,6174,4228,5440,5954,4336,3769,3504,5581,6496,6572,3078,3959,6202,3929,6257,4132,1674,2801,6418,3409,3769,3330,4798,5929,5280,6821,5610,5070,5699,5808,3755,2670,6711,6673,4561,3973,7528,5641,6031,6839,6688,5921,6221,5691
205.0000,4442.9700,6401,5549,4400,3310,5983,5717,5800,4284,5229,4508,3705,1830,4363,4170,3959,6369,5400,2370,5113,3708,4295,3401,3311,1280,3793,6019,3895,3712,4076,4075,6393,5583,3865,5090,1862,3915,5905,3962,3635,5479,1367,2799,5605,5433,6177,3853,4896,3499,5614,2552,4028,1838,5022,2213,6282,4573,6146,3558,4933,5166,3635,3058,2794,4999,6129,6363,2371,3328,5899,3117,6500,3421,1108,2151,6107,2697,3035,2667,4064,5253,4569,6804,4859,4340,4966,5160,3127,2005,6197,6104,3838,3276,7197,4924,6374,6379,6459,5930,5789,6036
206.0000,3808.5300,6126,4915,3615,2664,5252,5008,5043,3579,4475,3794,2977,1250,3669,3409,3207,6066,4645,1731,4369,2972,3565,2787,2597,749,3107,5267,3259,3016,3396,3384,5806,4898,3087,4351,1258,3185,5551,3239,2972,4770,861,2142,5234,4730,5640,3127,4149,2805,4900,1894,3276,1266,4232,1583,6085,3824,5817,2819,4262,4397,2883,2326,2088,4295,5495,5952,1713,2717,5250,2441,6430,2756,660,1564,5474,2004,2340,2007,3381,4478,3823,6449,4105,3611,4216,4419,2437,1417,5520,5362,3124,2564,6561,4165,6401,5653,5895,5606,5177,6041
207.0000,3152.4400,5626,4130,2925,2025,4487,4255,4296,2871,3731,3075,2309,717,2985,2732,2536,5445,3902,1181,3628,2313,2900,2164,1946,422,2432,4425,2570,2314,2739,2710,5040,4171,2347,3593,763,2496,5022,2558,2278,3994,538,1524,4684,4004,4969,2426,3449,2192,4155,1304,2548,782,3473,1031,5624,3029,5268,2198,3518,3684,2198,1687,1504,3580,4734,5226,1128,2092,4459,1797,6015,2100,359,1037,4736,1354,1696,1405,2704,3725,3097,5845,3394,2872,3460,3743,1796,917,4753,4546,2398,1932,5745,3417,6128,4888,5188,4963,4430,5743
208.0000,2520.0800,4976,3372,2241,1418,3746,3551,3566,2180,3024,2411,1705,368,2326,2044,1853,4691,3178,705,2871,1657,2258,1589,1352,353,1738,3663,1914,1701,2150,2075,4328,3477,1664,2913,476,1830,4297,1891,1658,3225,433,974,3943,3285,4203,1776,2760,1555,3412,842,1934,414,2763,595,4963,2335,4608,1561,2843,3016,1586,1081,947,2867,3977,4474,666,1537,3757,1195,5299,1507,331,582,3944,828,1102,925,2043,3000,2357,5038,2752,2207,2748,3071,1197,512,4011,3801,1752,1325,4938,2728,5541,4084,4413,4234,3745,5256
209.0000,1949.7400,4267,2636,1611,883,3048,2841,2895,1574,2327,1844,1076,246,1657,1456,1233,3979,2463,408,2204,1108,1620,1066,848,531,1114,2880,1319,1119,1543,1554,3586,2714,1099,2284,416,1265,3593,1298,1097,2546,552,538,3268,2667,3486,1197,2102,1030,2716,541,1318,279,2063,429,4220,1730,3878,1060,2130,2369,1016,675,560,2234,3247,3686,404,1007,3078,748,4519,921,512,333,3235,463,672,535,1439,2292,1717,4270,2086,1617,2060,2401,685,351,3302,3024,1173,843,4141,2070,4824,3324,3651,3485,3058,4495
210.0000,1473.3900,3568,1942,1038,497,2378,2194,2235,1006,1687,1297,602,311,1105,867,735,3260,1798,381,1578,670,1053,579,476,855,681,2176,814,634,978,1032,2873,2079,659,1663,623,744,2891,805,665,1940,834,366,2589,2011,2816,718,1494,641,2103,502,759,406,1448,549,3547,1176,3195,649,1460,1763,566,490,349,1633,2533,2952,403,584,2374,488,3769,505,834,388,2555,350,381,434,939,1618,1145,3521,1436,1084,1483,1726,364,458,2575,2403,697,544,3432,1446,4039,2552,3016,2762,2352,3764
211.0000,1115.3800,2887,1359,585,301,1744,1552,1608,556,1108,825,369,584,697,446,403,2597,1228,594,1017,378,613,352,375,1294,430,1554,442,401,549,563,2213,1453,392,1077,951,393,2215,476,397,1323,1177,485,1927,1404,2183,448,930,440,1456,710,422,738,919,858,2851,680,2508,390,932,1165,323,575,337,1112,1870,2244,623,320,1748,607,3110,234,1170,697,1889,475,330,565,546,1045,704,2815,894,652,986,1169,336,698,1882,1779,405,411,2691,960,3312,1852,2340,2118,1718,3072
212.0000,904.8500,2247,854,353,392,1163,1006,1075,338,648,441,342,922,519,273,325,1951,747,929,598,356,414,335,544,1881,436,1001,340,380,298,263,1584,928,401,632,1453,278,1588,418,427,851,1584,757,1345,924,1572,424,552,492,932,1043,348,1142,597,1236,2189,370,1895,462,545,695,410,767,603,682,1269,1638,957,327,1180,873,2422,239,1550,1097,1298,814,521,840,368,615,459,2183,528,403,571,724,502,1086,1314,1173,333,576,2015,558,2637,1214,1673,1511,1152,2368
213.0000,847.3000,1606,543,409,696,708,609,637,340,395,325,538,1357,643,353,442,1378,443,1312,386,568,421,502,854,2449,712,567,509,591,276,253,1010,540,636,353,2033,422,1035,606,695,488,2130,1098,848,542,1019,580,459,761,534,1512,481,1743,483,1683,1552,306,1318,703,373,434,678,1170,1039,398,792,1082,1329,534,682,1263,1783,406,1938,1535,830,1235,869,1191,398,421,527,1517,403,392,322,403,873,1515,789,713,532,964,1357,376,1991,774,1100,980,710,1720
214.0000,934.0100,1086,391,662,1083,438,480,448,553,377,492,918,1774,929,541,740,885,408,1750,471,871,640,774,1255,2993,1115,391,751,996,454,452,605,359,1045,329,2506,616,618,936,1060,336,2705,1542,475,307,567,868,521,1074,379,2027,801,2288,695,2143,984,488,817,1101,502,403,1033,1616,1519,358,432,641,1873,888,430,1723,1200,693,2367,2052,507,1738,1206,1616,640,470,816,961,487,583,420,392,1303,2068,463,434,817,1414,845,447,1378,541,684,542,471,1118
215.0000,1160.4000,628,526,942,1466,469,572,497,933,654,765,1337,2194,1301,861,1136,504,643,2251,720,1263,993,1133,1761,3705,1532,493,1143,1372,776,792,400,446,1521,535,3136,998,371,1352,1470,473,3294,2010,293,376,317,1313,768,1538,431,2532,1249,2762,1059,2755,540,810,426,1560,759,695,1445,2073,2084,597,252,439,2398,1295,412,2246,722,1010,2877,2626,418,2303,1717,2030,986,692,1136,548,740,941,719,624,1844,2672,353,449,1222,1986,531,702,878,509,477,320,531,685
216.0000,1509.2800,352,814,1368,1914,786,828,781,1366,1023,1157,1802,2745,1737,1364,1580,423,1030,2802,1118,1697,1383,1646,2327,4374,2061,766,1612,1784,1209,1155,497,716,2046,874,3732,1511,332,1728,1936,744,3958,2499,319,626,327,1748,1072,2039,741,3072,1745,3365,1570,3313,261,1180,302,2005,1164,1020,1956,2712,2636,930,373,551,2926,1765,654,2784,419,1502,3493,3335,541,2863,2272,2552,1473,1053,1578,335,1154,1416,1114,978,2419,3361,610,735,1680,2527,443,1113,469,683,493,392,796,396
217.0000,1948.6500,379,1250,1802,2426,1172,1203,1141,1830,1412,1596,2376,3289,2299,1826,2014,602,1419,3382,1586,2246,1878,2197,2975,5068,2559,1093,2063,2381,1683,1609,875,1074,2572,1277,4318,1939,457,2182,2409,1059,4720,3198,506,1002,539,2344,1436,2557,1180,3686,2249,3925,2090,3908,298,1618,448,2486,1622,1541,2646,3348,3183,1342,701,922,3425,2253,994,3397,346,2011,4178,3989,830,3629,2833,3084,2037,1491,2038,517,1607,1974,1601,1431,3044,3991,1046,1156,2096,3116,608,1545,351,1042,680,602,1196,314
218.0000,2458.7000,635,1775,2208,2964,1609,1677,1699,2330,1855,2155,2986,3829,2848,2263,2483,930,1962,4076,2135,2788,2418,2743,3570,5785,3186,1520,2572,2957,2193,2082,1245,1514,3109,1694,5002,2541,807,2744,3018,1493,5528,3881,774,1405,901,2793,1879,3114,1661,4437,2879,4583,2675,4514,470,2218,713,3086,2154,2093,3171,3996,3821,1804,1096,1291,4110,2728,1435,4038,539,2582,4826,4737,1182,4387,3419,3740,2637,1936,2588,796,2054,2514,2137,1922,3787,4770,1493,1567,2707,3842,970,2034,455,1383,1070,932,1709,507
219.0000,3023.6600,1039,2293,2738,3524,2120,2111,2220,2848,2405,2698,3668,4352,3447,2704,3041,1265,2476,4790,2780,3427,3026,3349,4320,6320,3815,2018,3184,3476,2783,2594,1692,1962,3709,2221,5715,3191,1194,3416,3702,2073,6109,4606,1175,1942,1367,3441,2412,3696,2300,5106,3489,5343,3180,5313,855,2782,1125,3761,2732,2599,3773,4763,4568,2286,1573,1711,4799,3298,1995,4747,885,3157,5303,5375,1700,5156,3972,4502,3241,2497,3171,1140,2660,3126,2753,2454,4471,5527,2036,2131,3370,4599,1463,2549,741,1889,1457,1386,2255,848
220.0000,3602.0400,1529,2864,3364,4136,2630,2732,2706,3352,3012,3303,4283,4784,4107,3253,3589,1739,3065,5472,3371,4078,3649,4038,5102,6450,4406,2528,3869,4128,3462,3251,2177,2452,4321,2787,6272,3794,1627,4036,4416,2568,6480,5409,1597,2514,1849,4056,2951,4399,2907,5586,4214,6065,3773,5986,1254,3371,1582,4458,3316,3230,4457,5541,5175,2793,2116,2189,5641,3901,2562,5466,1299,3820,5486,5940,2163,5756,4569,5224,3815,3146,3746,1671,3284,3730,3373,3046,5130,6059,2648,2724,4055,5407,1965,3137,1120,2412,1941,1867,2896,1235
221.0000,4187.0000,2039,3468,4115,4805,3273,3375,3237,4000,3706,3892,4933,5038,4864,3982,4253,2293,3653,6017,3964,4765,4314,4594,5895,6327,5158,3079,4568,4803,4206,3902,2712,3002,5022,3452,6472,4517,2013,4682,5086,3189,6514,6146,2058,3152,2402,4699,3605,5202,3588,5956,4900,6472,4436,6544,1755,3922,2014,5125,3931,3944,5121,6099,5723,3377,2675,2735,6329,4644,3074,6202,1858,4498,5403,6339,2741,6340,5154,5990,4484,3721,4461,2188,3985,4396,3996,3772,5653,6262,3164,3467,4781,6122,2473,3757,1635,3058,2349,2391,3550,1703
222.0000,4734.1800,2543,4050,4969,5370,3910,3956,3777,4684,4416,4623,5496,4993,5539,4775,5014,2928,4305,6393,4694,5582,4929,5151,6538,5908,5788,3696,5184,5468,4931,4538,3170,3587,5688,3990,6333,5194,2535,5322,5699,3754,6108,6673,2636,3846,3039,5328,4167,5907,4262,6099,5633,6559,5114,6867,2321,4609,2583,5786,4820,4704,5814,6367,5983,4082,3424,3298,6589,5337,3685,6732,2389,5210,4981,6360,3438,6449,5551,6583,5102,4485,5210,2757,4738,5228,4732,4468,5952,6175,3754,4146,5579,6624,3044,4385,2144,3688,2887,3019,4320,2228
223.0000,5199.2900,3151,4884,5802,5660,4490,4650,4402,5367,5137,5344,5882,4658,6010,5360,5654,3496,5110,6448,5414,6306,5559,5543,6994,5255,6207,4504,5681,5996,5644,5079,3757,4184,6188,4604,5886,5857,3152,5615,6219,4397,5439,6790,3208,4398,3723,5677,4868,6413,4943,5909,6188,6428,5876,6953,2944,5353,3179,6225,5631,5488,6298,6312,5988,4773,4167,3893,6609,5772,4267,6920,3048,5824,4366,6094,4164,6266,5566,6866,5615,5328,5874,3435,5403,5995,5482,5155,5897,5806,4497,4861,6347,6883,3675,5101,2680,4399,3410,3731,5206,2777
224.0000,5517.8400,3766,5585,6458,5744,5268,5366,5100,5909,5672,5916,5965,4077,6128,5837,6116,4101,5725,6131,6016,6710,5967,5723,7065,4431,6285,5275,5978,6288,6099,5414,4445,4890,6280,5283,5149,6333,3786,5709,6388,5108,4713,6557,3825,5093,4333,5749,5504,6639,5667,5470,6581,5898,6393,6553,3573,5887,3791,6461,6207,6237,6396,5954,5665,5373,4902,4550,6362,5850,4853,6859,3715,6289,3688,5524,4922,5914,5338,6877,5854,5969,6388,4055,6086,6613,6094,5693,5549,5136,5207,5697,6909,6684,4333,5681,3257,5307,3902,4391,5897,3434
225.0000,5662.1900,4385,6094,6906,5540,5933,5993,5706,6137,6037,6296,5743,3418,5982,5947,6275,4839,6244,5584,6455,6776,6151,5512,6875,3642,6097,5983,5962,6209,6208,5521,5139,5450,6066,5890,4386,6537,4467,5399,6209,5764,3964,6050,4483,5789,5034,5507,5948,6512,6198,4778,6619,5219,6577,5903,4309,6045,4504,6348,6561,6820,6283,5322,5044,5764,5616,5242,5802,5640,5450,6494,4397,6399,3003,4800,5825,5212,4839,6597,5704,6445,6497,4813,6523,6949,6526,5983,4900,4402,5840,6406,7149,6227,4968,6007,3919,6018,4527,5073,6585,4104
226.0000,5610.8400,5019,6422,6992,5012,6436,6316,6066,6018,6128,6342,5194,2758,5575,5867,6024,5477,6428,4800,6634,6546,6049,4997,6377,2883,5608,6621,5676,5859,6005,5278,5809,5823,5570,6207,3703,6406,5159,4929,5767,6231,3227,5348,5090,6345,5697,4999,6064,6085,6612,4077,6351,4468,6536,5198,5084,5917,5179,5915,6554,7143,5761,4563,4322,5876,6281,5826,5027,5210,5827,5841,5128,6102,2342,4031,6407,4432,4121,5946,5307,6696,6299,5586,6629,7000,6658,5983,4163,3667,6185,6831,7073,5564,5570,5988,4553,6594,5306,5707,6956,4826
227.0000,5360.3100,5569,6415,6699,4341,6715,6314,6161,5531,5930,6024,4477,2144,4869,5492,5552,5948,6236,4025,6539,5981,5533,4313,5599,2237,4924,6947,5104,5275,5468,4772,6297,5934,4861,6190,2974,5869,5837,4290,5073,6391,2537,4530,5551,6578,6249,4288,5803,5396,6648,3404,5728,3722,6190,4519,5757,5444,5812,5266,6287,7155,5056,3859,3609,5616,6662,6071,4326,4499,5924,5058,5851,5550,1720,3314,6776,3721,3390,5248,4630,6598,5862,6236,6367,6730,6414,5575,3435,2986,6239,7063,6659,4846,6100,5707,5209,6893,5796,6154,7116,5452
228.0000,4944.8400,5895,6121,6156,3615,6664,6024,5872,4896,5478,5456,3748,1554,4096,4822,4843,6180,5712,3248,6114,5247,4873,3599,4825,1560,4193,6834,4387,4508,4772,4120,6524,5656,4163,5827,2282,5227,6290,3601,4354,6229,1937,3787,5766,6461,6465,3566,5350,4675,6350,2704,4938,3003,5611,3779,6350,4831,6164,4503,5734,6909,4239,3156,2947,5127,6696,6041,3607,3762,5722,4316,6392,4931,1144,2620,6867,2970,2699,4496,3877,6210,5173,6626,5888,6128,5891,4990,2733,2310,6034,6937,6000,4096,6378,5135,5935,6754,6089,6281,6833,6006
229.0000,4397.0600,5969,5499,5410,2907,6254,5451,5366,4153,4811,4712,3059,1066,3410,4129,4100,6048,4959,2534,5417,4437,4129,2919,4087,1004,3452,6501,3580,3779,4045,3366,6370,5139,3422,5237,1691,4504,6493,2901,3618,5747,1345,3046,5715,6099,6334,2868,4665,3917,5786,2061,4224,2290,4829,3073,6723,4078,6228,3744,5047,6292,3546,2431,2253,4415,6402,5696,2911,3073,5182,3540,6601,4143,691,1999,6668,2243,2032,3794,3206,5569,4417,6729,5181,5336,5203,4233,2041,1669,5487,6479,5237,3369,6253,4365,6246,6339,6075,6102,6284,6227
230.0000,3780.8500,5721,4716,4702,2249,5632,4730,4669,3430,4057,4019,2359,633,2728,3418,3393,5675,4207,1904,4694,3703,3363,2249,3346,581,2749,5922,2847,3012,3351,2698,5902,4433,2742,4497,1167,3772,6355,2241,2970,5075,785,2363,5355,5444,6041,2241,3925,3167,5079,1446,3479,1601,4045,2388,6741,3366,6047,3007,4310,5525,2839,1757,1629,3660,5782,5071,2259,2410,4486,2763,6456,3435,404,1382,6047,1614,1429,3078,2580,4822,3663,6573,4469,4564,4443,3536,1409,1129,4802,5790,4468,2650,5859,3579,6263,5719,5797,5605,5517,6081
231.0000,3141.9400,5103,3891,3981,1677,4871,4023,3910,2706,3319,3268,1684,383,2063,2760,2698,5002,3484,1327,3951,3013,2659,1638,2584,385,2121,5180,2169,2376,2681,2046,5239,3754,2049,3773,707,3107,5926,1612,2334,4345,480,1683,4795,4697,5386,1622,3225,2459,4314,931,2813,1003,3311,1792,6350,2646,5497,2348,3610,4731,2143,1202,1120,2971,5018,4388,1612,1769,3801,2120,6040,2739,274,839,5313,1088,906,2410,1940,4093,2942,6058,3770,3808,3670,2867,920,680,4046,4972,3654,1969,5180,2915,5930,4983,5198,4862,4764,5728
232.0000,2524.5000,4460,3179,3278,1109,4124,3317,3274,2039,2617,2585,1076,344,1428,2144,2040,4229,2749,810,3229,2324,2005,1085,1935,414,1522,4426,1525,1733,2077,1505,4457,3057,1432,3081,440,2489,5223,1059,1729,3600,442,1116,4061,4001,4622,1092,2554,1789,3551,531,2158,606,2600,1216,5719,1966,4823,1708,2898,3984,1509,699,694,2281,4271,3652,1032,1192,3116,1488,5279,2061,416,482,4554,620,494,1749,1296,3367,2232,5344,3059,3034,2970,2203,501,383,3340,4246,2922,1345,4403,2281,5384,4254,4492,4145,3997,5077
233.0000,1971.3100,3701,2483,2552,692,3323,2651,2556,1415,1958,1980,655,557,899,1547,1424,3455,2036,462,2581,1668,1383,616,1347,646,978,3690,970,1152,1477,1021,3692,2399,883,2421,439,1838,4449,627,1173,2870,623,653,3374,3282,3910,669,1914,1232,2825,413,1563,396,1944,694,4948,1362,4049,1148,2216,3251,943,438,422,1632,3512,2972,595,735,2452,955,4566,1475,693,427,3811,423,323,1175,823,2644,1603,4532,2406,2364,2321,1576,347,339,2614,3518,2180,799,3664,1653,4721,3537,3754,3420,3270,4365
234.0000,1511.7100,2981,1845,1882,429,2625,1972,1842,908,1377,1376,396,846,559,1014,914,2814,1390,376,1924,1061,861,372,823,1043,560,2955,640,717,912,649,2980,1766,459,1787,639,1246,3666,404,701,2216,969,417,2652,2583,3203,422,1360,771,2117,540,1031,462,1308,402,4159,834,3335,650,1591,2535,598,440,399,1051,2760,2305,309,387,1816,564,3857,945,1130,604,3137,479,398,713,467,1887,1050,3794,1751,1716,1692,1047,436,464,1986,2818,1591,415,2961,1128,3981,2872,3025,2699,2569,3662
235.0000,1174.9700,2314,1269,1297,434,1999,1354,1246,498,813,859,413,1241,484,600,520,2176,879,611,1295,654,481,337,525,1447,380,2313,459,489,478,459,2294,1229,305,1219,960,736,2954,421,405,1612,1429,462,1987,1957,2525,420,840,467,1472,857,613,723,845,299,3365,466,2636,392,1068,1914,485,687,631,609,2038,1688,327,259,1217,483,3160,550,1623,956,2459,765,628,432,363,1290,614,3095,1153,1162,1135,580,646,771,1358,2166,1041,299,2286,677,3242,2191,2317,2048,1914,2956
236.0000,975.8400,1671,796,800,694,1380,829,771,388,429,478,709,1806,673,312,311,1543,525,971,790,482,331,548,472,1932,472,1649,574,518,285,498,1626,736,373,759,1362,439,2276,699,405,1082,1924,736,1382,1329,1904,615,468,435,908,1288,360,1117,550,483,2630,327,1982,356,613,1323,644,1019,1043,336,1436,1102,472,395,753,706,2407,347,2180,1331,1828,1100,974,323,479,774,405,2460,733,704,644,348,1045,1081,855,1525,616,465,1636,428,2576,1578,1678,1483,1299,2252
237.0000,924.1900,1107,502,406,1048,847,498,445,531,305,380,1061,2321,1058,311,357,1047,415,1489,484,590,493,858,722,2430,826,1085,851,771,348,775,1096,412,643,363,1894,456,1662,1025,578,617,2548,1155,873,827,1299,887,325,657,513,1747,332,1519,488,791,1947,420,1374,508,357,852,998,1430,1559,331,913,639,771,661,413,1150,1786,399,2742,1798,1218,1577,1418,484,660,432,542,1779,447,502,380,404,1461,1511,462,1000,473,713,1070,410,1936,1046,1086,905,778,1609
238.0000,1012.0200,657,419,307,1495,506,324,453,804,448,589,1450,2983,1538,532,593,637,596,2003,447,846,758,1223,1114,2968,1235,649,1214,1090,615,1075,599,365,1001,243,2386,659,1129,1454,919,341,3121,1586,446,460,759,1325,418,958,419,2221,540,2044,703,1160,1352,645,871,864,340,550,1415,1929,2136,504,561,352,1140,991,336,1559,1188,633,3452,2320,761,2071,1882,807,955,332,816,1200,390,567,353,639,1910,1986,358,566,665,1059,673,634,1317,545,650,542,487,1075
239.0000,1245.3800,378,587,478,2090,464,359,733,1181,701,903,1957,3594,2121,835,940,409,958,2537,689,1192,1139,1720,1571,3584,1727,417,1684,1501,965,1498,372,509,1439,366,2989,1076,649,1957,1373,383,3815,2156,311,385,421,1770,737,1247,586,2765,865,2623,1022,1648,840,994,516,1301,524,544,1854,2526,2715,801,534,304,1633,1427,582,2091,699,1002,4109,2823,503,2699,2300,1264,1375,477,1155,746,549,832,557,971,2382,2547,478,350,1114,1550,524,1010,821,301,381,363,454,640
240.0000,1590.1500,327,905,720,2648,622,579,1128,1624,1040,1269,2483,4285,2673,1215,1392,427,1349,3027,1077,1566,1604,2167,2063,4186,2228,466,2184,2021,1420,1952,422,885,1904,582,3604,1549,437,2501,1827,670,4455,2808,404,619,289,2237,1085,1727,923,3372,1240,3185,1457,2162,540,1450,411,1740,803,772,2365,3185,3288,1232,705,506,2207,1928,938,2625,396,1319,4836,3433,446,3213,2972,1664,1940,792,1571,519,853,1216,870,1435,3034,3041,806,408,1601,2166,598,1468,453,394,385,449,697,354
241.0000,2040.3100,524,1300,1075,3256,981,936,1583,2188,1466,1769,3115,5076,3284,1727,1921,702,1911,3658,1537,2070,2121,2741,2633,4843,2781,732,2807,2590,1903,2572,656,1334,2447,1023,4368,2039,483,3170,2328,1072,5176,3420,706,938,429,2761,1550,2262,1299,4123,1757,3862,1901,2771,537,1941,576,2239,1129,1115,2967,3835,3917,1718,1078,870,2738,2406,1356,3211,387,1725,5528,4026,631,3781,3597,2175,2493,1171,2009,485,1194,1562,1357,1910,3641,3715,1176,602,2090,2750,829,2103,334,681,573,789,1119,288
242.0000,2543.6500,828,1868,1511,3892,1426,1336,2062,2748,2038,2363,3673,5713,3940,2183,2479,1048,2511,4185,2112,2575,2648,3323,3106,5504,3370,1112,3402,3080,2489,3096,1002,1759,3024,1492,5126,2486,715,3845,2854,1433,5744,4205,1108,1368,682,3367,2037,2766,1803,4856,2239,4629,2441,3380,761,2536,864,2864,1566,1563,3561,4534,4556,2250,1450,1307,3444,2931,1811,3789,584,2212,6073,4712,929,4501,4278,2745,3047,1573,2482,744,1629,2057,1885,2452,4226,4344,1616,920,2631,3311,1216,2704,486,1057,869,1158,1661,494
243.0000,3090.5600,1137,2446,1934,4565,1938,1914,2592,3336,2608,2931,4233,6157,4697,2748,3114,1409,3088,4825,2673,3105,3186,4008,3658,5907,4008,1612,4093,3645,3054,3616,1455,2192,3630,2014,5890,3084,1046,4494,3446,1997,6068,4973,1471,1862,1043,3938,2520,3343,2267,5677,2872,5406,3061,4081,1120,3162,1262,3495,2027,2060,4192,5275,5353,2725,1872,1888,4090,3434,2316,4440,894,2755,6472,5454,1372,5244,4863,3287,3653,2075,3122,1096,2087,2623,2512,3046,4963,4963,2065,1315,3225,3949,1649,3313,774,1534,1270,1601,2263,839
244.0000,3661.7300,1548,2959,2447,5288,2514,2473,3162,4142,3171,3594,4842,6234,5419,3322,3806,1841,3703,5453,3268,3712,3740,4764,4201,6017,4660,2086,4836,4314,3734,4362,1908,2753,4330,2589,6424,3797,1529,5128,4063,2546,6140,5682,2028,2349,1453,4575,3054,3996,2822,6210,3389,6095,3740,4836,1592,3781,1753,4153,2632,2513,4921,5962,6080,3296,2377,2413,4754,4043,2878,5167,1264,3337,6534,6062,1860,5859,5532,3917,4351,2677,3849,1547,2572,3200,3164,3721,5580,5473,2597,1859,3877,4676,2118,3974,1200,2024,1803,2116,2858,1209
245.0000,4218.5700,2048,3658,3009,5854,3082,3134,3846,4890,3793,4184,5299,6136,6147,3938,4567,2342,4388,6070,3821,4368,4297,5508,4853,5764,5362,2699,5595,5004,4503,5052,2470,3407,5067,3127,6620,4451,2044,5707,4738,3083,5941,6450,2587,2863,1978,5176,3590,4699,3476,6483,4087,6527,4328,5525,2124,4472,2305,4953,3189,3025,5482,6294,6490,3905,2956,3064,5489,4642,3643,5680,1677,3980,6275,6372,2341,6249,5984,4640,5089,3274,4653,1936,3054,3775,3804,4390,5980,5761,3204,2377,4517,5399,2655,4613,1657,2561,2345,2709,3528,1710
246.0000,4720.8700,2550,4266,3643,6183,3695,3702,4539,5615,4484,4832,5554,5656,6610,4729,5379,2923,5138,6335,4527,5215,4875,6048,5359,5295,6032,3356,6275,5667,5261,5524,3006,3966,5750,3806,6455,5247,2578,6091,5418,3743,5401,6881,3153,3490,2547,5550,4296,5507,4135,6384,4691,6668,5121,6024,2753,5171,2817,5632,3793,3642,6078,6245,6661,4536,3480,3747,6039,5080,4384,6024,2196,4796,5697,6338,2921,6327,6027,5309,5667,4071,5395,2455,3609,4375,4456,5115,6052,5741,3836,2860,5165,6012,3223,5393,2189,3112,2828,3275,4197,2193
247.0000,5133.5300,3095,4860,4483,6128,4205,4396,5250,6197,5184,5425,5370,4964,6725,5486,6014,3570,5881,6262,5246,5873,5321,6306,5739,4601,6361,4049,6658,6085,5965,5684,3711,4634,6310,4487,6016,5895,3155,6279,5900,4350,4725,7066,3795,4052,3139,5679,5111,6091,4848,5971,5384,6459,5835,6248,3337,5978,3356,6104,4410,4349,6306,5982,6449,5197,4162,4460,6407,5359,5258,6094,2693,5539,5014,6075,3546,6140,5805,5901,6100,4858,6025,3022,4162,5048,5138,5780,5731,5434,4527,3486,5882,6386,3778,6116,2718,3831,3442,3899,4811,2735
248.0000,5417.0400,3632,5433,5274,5792,4805,5009,5891,6657,5736,5928,4959,4251,6538,5955,6477,4302,6443,6000,5850,6396,5483,6348,5803,3870,6419,4808,6585,6290,6519,5533,4493,5294,6540,5261,5271,6306,3711,6149,6065,5139,3944,6943,4638,4633,3747,5432,5724,6472,5472,5355,5811,5984,6449,6168,4042,6535,3937,6355,5074,5031,6218,5448,5899,5897,4877,5179,6391,5316,6088,5857,3257,6083,4198,5595,4263,5575,5277,6182,6115,5707,6355,3608,4857,5640,5732,6190,5183,4815,5385,4120,6514,6450,4464,6515,3342,4500,4184,4593,5475,3399
249.0000,5528.3200,4136,5801,6043,5226,5484,5517,6306,6689,6079,6021,4393,3532,6062,6211,6580,4881,6736,5387,6166,6567,5422,6061,5557,3141,6148,5592,6342,6173,6800,5108,5313,5847,6482,5715,4532,6338,4366,5699,5974,5941,3258,6476,5381,5142,4431,4988,6039,6547,6182,4579,5912,5298,6773,5749,4784,6670,4577,6170,5604,5704,5868,4753,5121,6327,5688,5858,6020,5022,6539,5358,3906,6292,3511,4864,5066,4760,4564,6158,5859,6300,6389,4307,5331,6120,6172,6295,4447,4073,6017,4874,6793,6144,5119,6623,4093,5276,4944,5220,6022,4107
250.0000,5450.2500,4699,5881,6525,4493,6031,5618,6346,6547,6111,5804,3692,2859,5328,6117,6361,5387,6545,4672,6095,6372,4963,5458,5087,2435,5660,6130,5747,5741,6796,4534,6118,6145,6121,5995,3799,6085,5056,5019,5587,6414,2585,5719,6235,5451,5153,4296,6008,6208,6562,3853,5661,4467,6758,5111,5552,6488,5259,5751,5907,6192,5306,3980,4368,6450,6260,6218,5448,4453,6664,4678,4596,6151,2778,4136,5740,3997,3813,5815,5295,6580,6139,4992,5658,6425,6263,6094,3719,3343,6383,5475,6685,5658,5695,6504,4836,6078,5700,5858,6344,4861
251.0000,5188.6400,5076,5629,6659,3778,6223,5516,6047,6091,5930,5279,2986,2203,4581,5708,5884,5764,6120,3924,5812,5929,4309,4722,4407,1829,4932,6384,4999,5057,6493,3826,6661,6154,5467,5854,3052,5553,5744,4280,4939,6573,1951,4972,6665,5511,5801,3520,5736,5613,6595,3123,5138,3724,6445,4379,6170,6044,5733,5144,5904,6369,4560,3277,3562,6195,6517,6306,4714,3726,6507,3942,5378,5718,2087,3451,6228,3269,3121,5232,4529,6541,5579,5687,5744,6431,6059,5661,3033,2693,6408,5845,6274,4921,6020,5984,5674,6544,6256,6323,6427,5530
252.0000,4769.1700,5307,5087,6495,3075,6231,5119,5533,5404,5370,4530,2324,1576,3820,5031,5141,5766,5470,3212,5273,5248,3628,4018,3685,1241,4120,6379,4219,4313,5869,3113,6837,5824,4656,5372,2423,4818,6245,3578,4275,6352,1342,4206,6804,5232,6192,2815,5188,4918,6262,2434,4436,3001,5798,3663,6564,5392,6037,4371,5568,6299,3863,2564,2880,5699,6488,6130,3960,3019,6147,3253,5942,5101,1475,2760,6327,2588,2486,4490,3738,6133,4854,6328,5457,6098,5529,4977,2356,2076,6154,5952,5663,4180,6082,5293,6293,6719,6517,6534,6294,6019
253.0000,4226.2900,5122,4349,5996,2417,5887,4540,4793,4604,4665,3804,1695,1039,3140,4294,4386,5481,4694,2576,4583,4449,2936,3259,2977,725,3427,6023,3479,3608,5135,2456,6700,5198,3960,4675,1783,4031,6422,2855,3536,5924,854,3451,6626,4716,6237,2151,4457,4127,5697,1795,3694,2307,5033,2910,6693,4632,5977,3689,4953,5904,3175,2014,2142,5001,6092,5649,3247,2314,5508,2573,6286,4353,922,2146,6209,1882,1836,3766,3010,5523,4098,6577,4909,5438,4834,4228,1749,1465,5579,5762,4939,3448,5824,4512,6676,6595,6441,6364,5779,6238
254.0000,3620.8000,4714,3611,5322,1831,5267,3798,4027,3831,3982,3144,1144,608,2493,3577,3625,4962,3923,1962,3905,3656,2269,2555,2338,405,2752,5367,2819,2916,4352,1828,6309,4476,3264,3981,1188,3314,6223,2201,2808,5249,458,2707,6137,4079,6017,1524,3734,3363,4952,1160,2980,1627,4287,2241,6446,3887,5627,2954,4251,5280,2515,1398,1503,4254,5410,4951,2620,1710,4792,1970,6316,3679,509,1527,5725,1339,1270,3006,2280,4766,3387,6472,4175,4706,4119,3486,1162,960,4876,5284,4169,2719,5365,3808,6740,6176,6111,5910,5018,6190
255.0000,2996.9300,4219,2892,4575,1221,4477,3036,3314,3096,3244,2464,723,338,1828,2911,2922,4268,3203,1309,3214,2920,1670,1937,1763,367,2060,4643,2073,2289,3540,1271,5607,3736,2548,3320,740,2616,5801,1593,2173,4542,313,2009,5448,3385,5527,974,3042,2642,4195,696,2308,1051,3576,1630,5898,3152,5034,2236,3539,4561,1904,915,951,3536,4634,4212,1957,1138,4040,1407,6042,2957,354,953,5056,843,775,2343,1655,4044,2689,5975,3503,3965,3444,2774,679,545,4121,4601,3415,2086,4699,3071,6492,5480,5504,5252,4241,5762
256.0000,2403.7300,3559,2244,3891,760,3726,2348,2621,2415,2545,1821,418,348,1250,2250,2223,3530,2489,811,2527,2260,1144,1346,1228,607,1455,3887,1466,1662,2807,783,4842,3047,1893,2651,438,1970,5126,1035,1587,3798,415,1381,4654,2740,4810,608,2383,1970,3475,424,1685,567,2893,1058,5184,2457,4305,1585,2862,3867,1311,543,600,2813,3872,3471,1372,670,3290,886,5493,2286,512,563,4332,550,432,1734,1074,3302,2017,5316,2874,3182,2724,2126,383,294,3384,3879,2732,1448,3919,2376,5999,4726,4694,4519,3495,5049
257.0000,1883.1800,2859,1625,3240,446,2989,1731,1997,1750,1920,1199,348,609,813,1621,1571,2821,1851,471,1881,1614,703,842,730,976,939,3169,961,1139,2171,430,4133,2387,1275,2018,470,1359,4384,615,1031,3052,736,854,3953,2095,4078,448,1776,1378,2767,376,1151,355,2256,602,4399,1809,3553,1054,2222,3102,830,379,481,2189,3144,2767,868,378,2547,482,4741,1713,788,369,3585,539,361,1174,574,2592,1409,4603,2213,2490,2072,1564,362,323,2642,3156,2027,870,3180,1710,5241,3985,3905,3852,2803,4306
258.0000,1459.5200,2159,1065,2565,349,2313,1158,1409,1165,1302,679,520,1032,472,1084,1058,2187,1242,382,1300,1042,428,461,373,1415,528,2450,553,715,1595,264,3409,1747,791,1408,699,819,3648,408,627,2395,1139,500,3264,1504,3388,549,1210,864,2060,608,665,466,1612,371,3647,1216,2890,674,1592,2429,437,502,624,1597,2419,2110,464,321,1919,330,3996,1161,1209,394,2907,792,456,709,336,1936,888,3847,1606,1830,1458,985,595,550,1963,2445,1378,484,2455,1154,4466,3303,3168,3149,2146,3599
259.0000,1154.0300,1548,615,1893,545,1703,667,867,702,817,388,832,1452,400,652,604,1583,737,505,791,568,428,311,210,1859,343,1796,394,551,1003,397,2742,1195,473,906,1083,489,2922,452,391,1726,1546,393,2608,993,2677,782,712,484,1454,938,350,709,1059,379,2906,721,2201,491,1044,1780,298,813,918,1095,1797,1512,307,541,1372,376,3289,732,1745,674,2243,1132,730,439,385,1343,476,3117,1058,1238,948,518,906,920,1378,1847,909,357,1800,675,3782,2599,2431,2453,1533,2950
260.0000,989.7300,1005,374,1310,845,1147,405,502,462,430,355,1263,1858,565,355,387,1067,429,763,490,339,665,463,332,2436,488,1200,538,607,613,724,2057,713,393,495,1524,356,2262,766,467,1162,2022,555,1968,605,2051,1222,385,357,924,1319,329,1084,620,584,2230,430,1588,618,646,1188,447,1227,1295,643,1220,1007,374,859,846,594,2573,455,2350,1090,1618,1573,1101,464,653,819,287,2450,627,749,531,306,1264,1399,887,1274,573,495,1216,435,3047,1947,1811,1832,966,2332
261.0000,964.8800,564,412,793,1271,710,454,362,520,326,580,1777,2358,791,304,498,646,416,1156,459,353,1002,745,596,3005,841,721,891,847,423,1203,1460,400,561,306,1980,441,1659,1228,734,712,2583,834,1393,398,1443,1642,265,477,491,1761,452,1491,337,932,1598,383,1020,898,454,754,654,1691,1703,363,723,600,680,1288,449,880,1936,369,2907,1584,1031,2159,1668,679,1020,458,414,1873,332,491,339,332,1614,1945,467,791,476,822,763,499,2372,1327,1221,1260,565,1632
262.0000,1080.4000,323,689,487,1767,449,674,452,772,509,929,2301,2902,1161,453,736,385,657,1639,607,575,1442,1111,980,3560,1301,445,1394,1265,459,1728,920,246,826,372,2605,703,1076,1742,1097,396,3128,1190,884,447,896,2231,381,751,330,2240,817,1973,355,1297,1067,594,602,1322,475,418,989,2126,2154,356,400,358,1127,1825,363,1167,1334,595,3487,2110,629,2803,2202,1060,1474,373,668,1314,317,533,447,521,2094,2465,308,475,609,1216,496,766,1684,778,691,765,355,1073
263.0000,1322.9600,346,1054,417,2283,482,1126,779,1162,903,1365,2812,3480,1613,766,1126,327,954,2219,854,922,1856,1563,1439,4197,1812,386,1953,1733,719,2291,530,415,1187,654,3217,1098,643,2306,1497,359,3839,1563,484,709,491,2748,677,1090,442,2740,1303,2492,571,1809,643,915,332,1814,659,334,1348,2669,2637,545,345,383,1558,2444,554,1611,824,891,4131,2670,349,3370,2777,1539,1978,488,1054,795,530,738,732,829,2655,2989,412,358,915,1686,427,1143,1098,469,360,485,391,619
264.0000,1689.3900,628,1609,564,2835,664,1571,1214,1702,1351,1805,3413,4082,2089,1184,1624,502,1394,2842,1205,1421,2455,2016,2019,4845,2451,532,2548,2334,1134,2914,358,736,1597,1009,3806,1576,358,2888,2051,506,4513,2119,342,1112,340,3464,959,1561,690,3303,1904,2986,897,2486,386,1272,364,2373,976,511,1833,3203,3263,881,531,664,2079,2975,944,2156,463,1265,4854,3270,337,4021,3415,2106,2571,767,1495,481,813,1068,1139,1192,3315,3652,768,503,1360,2183,643,1596,658,369,290,401,632,393
265.0000,2137.4900,948,2160,880,3457,1012,2039,1771,2265,1829,2306,4080,4696,2550,1635,2109,859,1954,3379,1618,1920,2989,2524,2551,5504,3147,825,3261,2847,1603,3522,478,1125,2123,1349,4354,2077,299,3510,2642,881,5236,2663,393,1593,437,4134,1335,2106,1001,3978,2497,3506,1431,3053,406,1690,607,2884,1351,820,2363,3894,3874,1246,893,1003,2620,3601,1397,2703,393,1740,5485,3936,475,4793,4125,2725,3248,1255,2023,386,1231,1537,1522,1577,3851,4469,1248,791,1935,2713,994,2110,376,566,453,566,989,444
266.0000,2653.1300,1345,2695,1297,4105,1366,2525,2275,2943,2372,2846,4774,5377,3173,2150,2722,1313,2548,4073,2108,2498,3586,3073,3187,5931,3798,1173,3888,3521,2167,4066,808,1550,2700,1791,4938,2755,545,4169,3152,1327,5920,3294,627,2009,736,4867,1832,2718,1407,4503,3096,4069,1960,3616,631,2154,1026,3508,1860,1199,2856,4518,4614,1650,1260,1395,3235,4339,1957,3354,521,2276,6162,4584,792,5446,4774,3356,3956,1824,2585,505,1707,2046,1953,2003,4560,5305,1732,1281,2495,3455,1410,2609,398,905,787,908,1470,668
267.0000,3194.5800,1774,3240,1746,4744,1841,3119,2906,3568,2977,3412,5439,5930,3855,2606,3274,1787,3158,4778,2657,3100,4238,3662,3837,6062,4551,1592,4597,4129,2772,4718,1236,2036,3267,2350,5454,3381,885,4851,3682,1758,6557,3967,952,2553,1056,5443,2257,3159,1910,5111,3704,4589,2508,4373,985,2764,1440,4221,2450,1706,3393,5245,5349,2170,1758,1882,3885,4970,2522,4053,773,2760,6485,5333,1211,6079,5401,3994,4677,2368,3163,735,2174,2569,2449,2438,5234,5879,2262,1832,3049,4186,1892,3139,640,1292,1221,1377,1934,1011
268.0000,3751.4800,2258,3880,2203,5485,2334,3701,3515,4165,3638,4050,5923,6054,4606,3256,3946,2364,3783,5534,3197,3693,4935,4257,4515,5838,5250,2093,5310,4991,3428,5487,1816,2488,3896,3008,5677,4007,1309,5555,4287,2346,6713,4596,1292,3149,1557,5872,2768,3751,2455,5619,4262,5077,3120,5139,1398,3373,1980,4894,2977,2315,4047,5922,5935,2729,2254,2413,4536,5495,3102,4711,1214,3341,6465,5947,1569,6504,5930,4663,5483,2923,3831,1112,2799,3137,2985,2972,5940,6363,2793,2436,3679,4963,2491,3770,973,1824,1688,1923,2495,1406
269.0000,4288.9500,2800,4590,2722,6118,2946,4402,4116,4839,4329,4813,6188,6021,5182,3834,4682,2996,4572,6120,3834,4322,5851,4884,5178,5347,5864,2651,6109,5825,4092,6035,2309,3097,4477,3620,5565,4721,1811,6092,5028,2912,6640,5298,1758,3800,2097,5880,3366,4318,3018,5884,4890,5458,3800,5873,1949,4041,2515,5654,3660,2862,4668,6338,6297,3363,2877,2983,5263,5729,3740,5330,1782,3800,6143,6358,2042,6647,6183,5335,6220,3489,4607,1612,3437,3794,3598,3594,6337,6462,3326,3137,4265,5714,3003,4398,1399,2423,2184,2368,3062,1933
270.0000,4776.7800,3428,5425,3338,6405,3619,5172,4804,5670,5072,5592,6096,5578,5821,4551,5474,3655,5411,6575,4559,5081,6384,5427,5709,4648,6262,3225,6736,6441,4799,6276,2855,3819,5206,4309,5202,5571,2332,6482,5615,3529,6213,5807,2320,4524,2731,5676,4094,4974,3824,5729,5494,5545,4578,6279,2527,4673,3126,6274,4341,3528,5268,6412,6239,4029,3477,3576,5813,5625,4371,5757,2288,4438,5533,6491,2564,6462,6102,5882,6644,4185,5308,2117,4264,4572,4312,4369,6419,6245,3925,3771,4957,6334,3546,5096,1956,3035,2709,2990,3675,2512
